VTX, IDX, in_POSITION0.x, in_POSITION0.y, in_POSITION0.z
0, 0,  0.19823,  7.99414E-09,  3.16618
1, 1,  5.16458E-07,  0.00,  3.17
2, 2,  5.82278E-07, -0.10,  3.17
3, 2,  5.82278E-07, -0.10,  3.17
4, 3,  0.19823, -0.10,  3.16618
5, 0,  0.19823,  7.99414E-09,  3.16618
6, 4,  0.39599,  1.59690E-08,  3.15474
7, 0,  0.19823,  7.99414E-09,  3.16618
8, 3,  0.19823, -0.10,  3.16618
9, 3,  0.19823, -0.10,  3.16618
10, 5,  0.39599, -0.10,  3.15474
11, 4,  0.39599,  1.59690E-08,  3.15474
12, 6,  0.59279,  2.39054E-08,  3.13569
13, 4,  0.39599,  1.59690E-08,  3.15474
14, 5,  0.39599, -0.10,  3.15474
15, 5,  0.39599, -0.10,  3.15474
16, 7,  0.59279, -0.10,  3.13569
17, 6,  0.59279,  2.39054E-08,  3.13569
18, 8,  0.78817,  3.17842E-08,  3.10909
19, 6,  0.59279,  2.39054E-08,  3.13569
20, 7,  0.59279, -0.10,  3.13569
21, 7,  0.59279, -0.10,  3.13569
22, 9,  0.78817, -0.10,  3.10909
23, 8,  0.78817,  3.17842E-08,  3.10909
24, 10,  0.98164,  3.95865E-08,  3.075
25, 8,  0.78817,  3.17842E-08,  3.10909
26, 9,  0.78817, -0.10,  3.10909
27, 9,  0.78817, -0.10,  3.10909
28, 11,  0.98164, -0.10,  3.075
29, 10,  0.98164,  3.95865E-08,  3.075
30, 12,  1.17275,  4.72934E-08,  3.0335
31, 10,  0.98164,  3.95865E-08,  3.075
32, 11,  0.98164, -0.10,  3.075
33, 11,  0.98164, -0.10,  3.075
34, 13,  1.17275, -0.10,  3.0335
35, 12,  1.17275,  4.72934E-08,  3.0335
36, 14,  1.36104,  5.48863E-08,  2.98469
37, 12,  1.17275,  4.72934E-08,  3.0335
38, 13,  1.17275, -0.10,  3.0335
39, 13,  1.17275, -0.10,  3.0335
40, 15,  1.36104, -0.10,  2.98469
41, 14,  1.36104,  5.48863E-08,  2.98469
42, 14,  1.36104,  5.48863E-08,  2.98469
43, 15,  1.36104, -0.10,  2.98469
44, 16,  1.54604, -0.10,  2.9287
45, 14,  1.36104,  5.48863E-08,  2.98469
46, 16,  1.54604, -0.10,  2.9287
47, 17,  1.54604,  6.23470E-08,  2.9287
48, 17,  1.54604,  6.23470E-08,  2.9287
49, 16,  1.54604, -0.10,  2.9287
50, 18,  1.72732, -0.10,  2.86565
51, 17,  1.54604,  6.23470E-08,  2.9287
52, 18,  1.72732, -0.10,  2.86565
53, 19,  1.72732,  6.96576E-08,  2.86565
54, 19,  1.72732,  6.96576E-08,  2.86565
55, 18,  1.72732, -0.10,  2.86565
56, 20,  1.90444, -0.10,  2.79569
57, 19,  1.72732,  6.96576E-08,  2.86565
58, 20,  1.90444, -0.10,  2.79569
59, 21,  1.90444,  7.68003E-08,  2.79569
60, 21,  1.90444,  7.68003E-08,  2.79569
61, 20,  1.90444, -0.10,  2.79569
62, 22,  2.07698, -0.10,  2.719
63, 23,  2.07698,  8.37580E-08,  2.719
64, 21,  1.90444,  7.68003E-08,  2.79569
65, 22,  2.07698, -0.10,  2.719
66, 23,  2.07698,  8.37580E-08,  2.719
67, 22,  2.07698, -0.10,  2.719
68, 24,  2.2445, -0.10,  2.63576
69, 25,  2.2445,  9.05139E-08,  2.63576
70, 23,  2.07698,  8.37580E-08,  2.719
71, 24,  2.2445, -0.10,  2.63576
72, 25,  2.2445,  9.05139E-08,  2.63576
73, 24,  2.2445, -0.10,  2.63576
74, 26,  2.40663, -0.10,  2.54617
75, 27,  2.40663,  9.70517E-08,  2.54617
76, 25,  2.2445,  9.05139E-08,  2.63576
77, 26,  2.40663, -0.10,  2.54617
78, 27,  2.40663,  9.70517E-08,  2.54617
79, 26,  2.40663, -0.10,  2.54617
80, 28,  2.56295, -0.10,  2.45044
81, 29,  2.56295,  1.03356E-07,  2.45044
82, 27,  2.40663,  9.70517E-08,  2.54617
83, 28,  2.56295, -0.10,  2.45044
84, 29,  2.56295,  1.03356E-07,  2.45044
85, 28,  2.56295, -0.10,  2.45044
86, 30,  2.7131, -0.10,  2.34881
87, 31,  2.7131,  1.09411E-07,  2.34881
88, 29,  2.56295,  1.03356E-07,  2.45044
89, 30,  2.7131, -0.10,  2.34881
90, 31,  2.7131,  1.09411E-07,  2.34881
91, 30,  2.7131, -0.10,  2.34881
92, 32,  2.85671, -0.10,  2.24153
93, 33,  2.85671,  1.15202E-07,  2.24153
94, 31,  2.7131,  1.09411E-07,  2.34881
95, 32,  2.85671, -0.10,  2.24153
96, 33,  2.85671,  1.15202E-07,  2.24153
97, 32,  2.85671, -0.10,  2.24153
98, 34,  2.99344, -0.10,  2.12884
99, 35,  2.99344,  1.20716E-07,  2.12884
100, 33,  2.85671,  1.15202E-07,  2.24153
101, 34,  2.99344, -0.10,  2.12884
102, 35,  2.99344,  1.20716E-07,  2.12884
103, 34,  2.99344, -0.10,  2.12884
104, 36,  3.12296, -0.10,  2.01103
105, 37,  3.12296,  1.25939E-07,  2.01103
106, 35,  2.99344,  1.20716E-07,  2.12884
107, 36,  3.12296, -0.10,  2.01103
108, 36,  3.12296, -0.10,  2.01103
109, 38,  3.24496, -0.10,  1.88837
110, 37,  3.12296,  1.25939E-07,  2.01103
111, 37,  3.12296,  1.25939E-07,  2.01103
112, 38,  3.24496, -0.10,  1.88837
113, 39,  3.24496,  1.30859E-07,  1.88837
114, 38,  3.24496, -0.10,  1.88837
115, 40,  3.35914, -0.10,  1.76116
116, 39,  3.24496,  1.30859E-07,  1.88837
117, 39,  3.24496,  1.30859E-07,  1.88837
118, 40,  3.35914, -0.10,  1.76116
119, 41,  3.35914,  1.35464E-07,  1.76116
120, 40,  3.35914, -0.10,  1.76116
121, 42,  3.46522, -0.10,  1.6297
122, 41,  3.35914,  1.35464E-07,  1.76116
123, 41,  3.35914,  1.35464E-07,  1.76116
124, 42,  3.46522, -0.10,  1.6297
125, 43,  3.46522,  1.39742E-07,  1.6297
126, 42,  3.46522, -0.10,  1.6297
127, 44,  3.56296, -0.10,  1.49433
128, 43,  3.46522,  1.39742E-07,  1.6297
129, 43,  3.46522,  1.39742E-07,  1.6297
130, 44,  3.56296, -0.10,  1.49433
131, 45,  3.56296,  1.43683E-07,  1.49433
132, 44,  3.56296, -0.10,  1.49433
133, 46,  3.65212, -0.10,  1.35535
134, 45,  3.56296,  1.43683E-07,  1.49433
135, 45,  3.56296,  1.43683E-07,  1.49433
136, 46,  3.65212, -0.10,  1.35535
137, 47,  3.65212,  1.47279E-07,  1.35535
138, 46,  3.65212, -0.10,  1.35535
139, 48,  3.73247, -0.10,  1.2131
140, 47,  3.65212,  1.47279E-07,  1.35535
141, 47,  3.65212,  1.47279E-07,  1.35535
142, 48,  3.73247, -0.10,  1.2131
143, 49,  3.73247,  1.50519E-07,  1.2131
144, 48,  3.73247, -0.10,  1.2131
145, 50,  3.80384, -0.10,  1.06794
146, 49,  3.73247,  1.50519E-07,  1.2131
147, 49,  3.73247,  1.50519E-07,  1.2131
148, 50,  3.80384, -0.10,  1.06794
149, 51,  3.80384,  1.53397E-07,  1.06794
150, 50,  3.80384, -0.10,  1.06794
151, 52,  3.86604, -0.10,  0.9202
152, 51,  3.80384,  1.53397E-07,  1.06794
153, 51,  3.80384,  1.53397E-07,  1.06794
154, 52,  3.86604, -0.10,  0.9202
155, 53,  3.86604,  1.55905E-07,  0.9202
156, 52,  3.86604, -0.10,  0.9202
157, 54,  3.91893, -0.10,  0.77025
158, 53,  3.86604,  1.55905E-07,  0.9202
159, 53,  3.86604,  1.55905E-07,  0.9202
160, 54,  3.91893, -0.10,  0.77025
161, 55,  3.91893,  1.58038E-07,  0.77025
162, 54,  3.91893, -0.10,  0.77025
163, 56,  3.96237, -0.10,  0.61843
164, 55,  3.91893,  1.58038E-07,  0.77025
165, 55,  3.91893,  1.58038E-07,  0.77025
166, 56,  3.96237, -0.10,  0.61843
167, 57,  3.96237,  1.59790E-07,  0.61843
168, 56,  3.96237, -0.10,  0.61843
169, 58,  3.99627, -0.10,  0.46513
170, 57,  3.96237,  1.59790E-07,  0.61843
171, 57,  3.96237,  1.59790E-07,  0.61843
172, 58,  3.99627, -0.10,  0.46513
173, 59,  3.99627,  1.61157E-07,  0.46513
174, 58,  3.99627, -0.10,  0.46513
175, 60,  4.02055, -0.10,  0.31071
176, 59,  3.99627,  1.61157E-07,  0.46513
177, 59,  3.99627,  1.61157E-07,  0.46513
178, 60,  4.02055, -0.10,  0.31071
179, 61,  4.02055,  1.62136E-07,  0.31071
180, 60,  4.02055, -0.10,  0.31071
181, 62,  4.03513, -0.10,  0.15554
182, 61,  4.02055,  1.62136E-07,  0.31071
183, 61,  4.02055,  1.62136E-07,  0.31071
184, 62,  4.03513, -0.10,  0.15554
185, 63,  4.03513,  1.62724E-07,  0.15554
186, 62,  4.03513, -0.10,  0.15554
187, 64,  4.04, -0.10, -1.93044E-06
188, 63,  4.03513,  1.62724E-07,  0.15554
189, 63,  4.03513,  1.62724E-07,  0.15554
190, 64,  4.04, -0.10, -1.93044E-06
191, 65,  4.04,  1.62921E-07, -1.93044E-06
192, 66,  4.03513,  1.62724E-07, -0.15555
193, 65,  4.04,  1.62921E-07, -1.93044E-06
194, 64,  4.04, -0.10, -1.93044E-06
195, 64,  4.04, -0.10, -1.93044E-06
196, 67,  4.03513, -0.10, -0.15555
197, 66,  4.03513,  1.62724E-07, -0.15555
198, 68,  4.02055,  1.62136E-07, -0.31072
199, 66,  4.03513,  1.62724E-07, -0.15555
200, 67,  4.03513, -0.10, -0.15555
201, 67,  4.03513, -0.10, -0.15555
202, 69,  4.02055, -0.10, -0.31072
203, 68,  4.02055,  1.62136E-07, -0.31072
204, 70,  3.99627,  1.61157E-07, -0.46514
205, 68,  4.02055,  1.62136E-07, -0.31072
206, 69,  4.02055, -0.10, -0.31072
207, 69,  4.02055, -0.10, -0.31072
208, 71,  3.99627, -0.10, -0.46514
209, 70,  3.99627,  1.61157E-07, -0.46514
210, 72,  3.96237,  1.59790E-07, -0.61844
211, 70,  3.99627,  1.61157E-07, -0.46514
212, 71,  3.99627, -0.10, -0.46514
213, 71,  3.99627, -0.10, -0.46514
214, 73,  3.96237, -0.10, -0.61844
215, 72,  3.96237,  1.59790E-07, -0.61844
216, 74,  3.91893,  1.58038E-07, -0.77025
217, 72,  3.96237,  1.59790E-07, -0.61844
218, 73,  3.96237, -0.10, -0.61844
219, 73,  3.96237, -0.10, -0.61844
220, 75,  3.91893, -0.10, -0.77025
221, 74,  3.91893,  1.58038E-07, -0.77025
222, 76,  3.86604,  1.55905E-07, -0.9202
223, 74,  3.91893,  1.58038E-07, -0.77025
224, 75,  3.91893, -0.10, -0.77025
225, 75,  3.91893, -0.10, -0.77025
226, 77,  3.86604, -0.10, -0.9202
227, 76,  3.86604,  1.55905E-07, -0.9202
228, 78,  3.80384,  1.53397E-07, -1.06794
229, 76,  3.86604,  1.55905E-07, -0.9202
230, 77,  3.86604, -0.10, -0.9202
231, 77,  3.86604, -0.10, -0.9202
232, 79,  3.80384, -0.10, -1.06794
233, 78,  3.80384,  1.53397E-07, -1.06794
234, 80,  3.73247,  1.50519E-07, -1.21311
235, 78,  3.80384,  1.53397E-07, -1.06794
236, 79,  3.80384, -0.10, -1.06794
237, 79,  3.80384, -0.10, -1.06794
238, 81,  3.73247, -0.10, -1.21311
239, 80,  3.73247,  1.50519E-07, -1.21311
240, 82,  3.65212,  1.47279E-07, -1.35535
241, 80,  3.73247,  1.50519E-07, -1.21311
242, 81,  3.73247, -0.10, -1.21311
243, 81,  3.73247, -0.10, -1.21311
244, 83,  3.65212, -0.10, -1.35535
245, 82,  3.65212,  1.47279E-07, -1.35535
246, 84,  3.56296,  1.43683E-07, -1.49433
247, 82,  3.65212,  1.47279E-07, -1.35535
248, 83,  3.65212, -0.10, -1.35535
249, 83,  3.65212, -0.10, -1.35535
250, 85,  3.56296, -0.10, -1.49433
251, 84,  3.56296,  1.43683E-07, -1.49433
252, 86,  3.46522,  1.39742E-07, -1.62971
253, 84,  3.56296,  1.43683E-07, -1.49433
254, 85,  3.56296, -0.10, -1.49433
255, 85,  3.56296, -0.10, -1.49433
256, 87,  3.46522, -0.10, -1.62971
257, 86,  3.46522,  1.39742E-07, -1.62971
258, 88,  3.35914,  1.35464E-07, -1.76116
259, 86,  3.46522,  1.39742E-07, -1.62971
260, 87,  3.46522, -0.10, -1.62971
261, 87,  3.46522, -0.10, -1.62971
262, 89,  3.35914, -0.10, -1.76116
263, 88,  3.35914,  1.35464E-07, -1.76116
264, 90,  3.24496,  1.30859E-07, -1.88837
265, 88,  3.35914,  1.35464E-07, -1.76116
266, 89,  3.35914, -0.10, -1.76116
267, 89,  3.35914, -0.10, -1.76116
268, 91,  3.24496, -0.10, -1.88837
269, 90,  3.24496,  1.30859E-07, -1.88837
270, 92,  3.12296,  1.25939E-07, -2.01103
271, 90,  3.24496,  1.30859E-07, -1.88837
272, 91,  3.24496, -0.10, -1.88837
273, 91,  3.24496, -0.10, -1.88837
274, 93,  3.12296, -0.10, -2.01103
275, 92,  3.12296,  1.25939E-07, -2.01103
276, 94,  2.99344,  1.20716E-07, -2.12884
277, 92,  3.12296,  1.25939E-07, -2.01103
278, 93,  3.12296, -0.10, -2.01103
279, 93,  3.12296, -0.10, -2.01103
280, 95,  2.99344, -0.10, -2.12884
281, 94,  2.99344,  1.20716E-07, -2.12884
282, 96,  2.85671,  1.15202E-07, -2.24153
283, 94,  2.99344,  1.20716E-07, -2.12884
284, 95,  2.99344, -0.10, -2.12884
285, 95,  2.99344, -0.10, -2.12884
286, 97,  2.85671, -0.10, -2.24153
287, 96,  2.85671,  1.15202E-07, -2.24153
288, 98,  2.7131,  1.09411E-07, -2.34881
289, 96,  2.85671,  1.15202E-07, -2.24153
290, 97,  2.85671, -0.10, -2.24153
291, 97,  2.85671, -0.10, -2.24153
292, 99,  2.7131, -0.10, -2.34881
293, 98,  2.7131,  1.09411E-07, -2.34881
294, 100,  2.56295,  1.03356E-07, -2.45044
295, 98,  2.7131,  1.09411E-07, -2.34881
296, 99,  2.7131, -0.10, -2.34881
297, 99,  2.7131, -0.10, -2.34881
298, 101,  2.56295, -0.10, -2.45044
299, 100,  2.56295,  1.03356E-07, -2.45044
300, 102,  2.40663,  9.70518E-08, -2.54617
301, 100,  2.56295,  1.03356E-07, -2.45044
302, 101,  2.56295, -0.10, -2.45044
303, 101,  2.56295, -0.10, -2.45044
304, 103,  2.40663, -0.10, -2.54617
305, 102,  2.40663,  9.70518E-08, -2.54617
306, 104,  2.24451,  9.05140E-08, -2.63576
307, 102,  2.40663,  9.70518E-08, -2.54617
308, 103,  2.40663, -0.10, -2.54617
309, 103,  2.40663, -0.10, -2.54617
310, 105,  2.24451, -0.10, -2.63576
311, 104,  2.24451,  9.05140E-08, -2.63576
312, 106,  2.07698,  8.37581E-08, -2.719
313, 104,  2.24451,  9.05140E-08, -2.63576
314, 105,  2.24451, -0.10, -2.63576
315, 105,  2.24451, -0.10, -2.63576
316, 107,  2.07698, -0.10, -2.719
317, 106,  2.07698,  8.37581E-08, -2.719
318, 108,  1.90445,  7.68004E-08, -2.79569
319, 106,  2.07698,  8.37581E-08, -2.719
320, 107,  2.07698, -0.10, -2.719
321, 107,  2.07698, -0.10, -2.719
322, 109,  1.90445, -0.10, -2.79569
323, 108,  1.90445,  7.68004E-08, -2.79569
324, 110,  1.72733,  6.96577E-08, -2.86564
325, 108,  1.90445,  7.68004E-08, -2.79569
326, 109,  1.90445, -0.10, -2.79569
327, 109,  1.90445, -0.10, -2.79569
328, 111,  1.72733, -0.10, -2.86564
329, 110,  1.72733,  6.96577E-08, -2.86564
330, 112,  1.54604,  6.23472E-08, -2.9287
331, 110,  1.72733,  6.96577E-08, -2.86564
332, 111,  1.72733, -0.10, -2.86564
333, 111,  1.72733, -0.10, -2.86564
334, 113,  1.54604, -0.10, -2.9287
335, 112,  1.54604,  6.23472E-08, -2.9287
336, 114,  1.36104,  5.48865E-08, -2.98469
337, 112,  1.54604,  6.23472E-08, -2.9287
338, 113,  1.54604, -0.10, -2.9287
339, 113,  1.54604, -0.10, -2.9287
340, 115,  1.36104, -0.10, -2.98469
341, 114,  1.36104,  5.48865E-08, -2.98469
342, 116,  1.17275, -0.10, -3.0335
343, 114,  1.36104,  5.48865E-08, -2.98469
344, 115,  1.36104, -0.10, -2.98469
345, 116,  1.17275, -0.10, -3.0335
346, 117,  1.17275,  4.72936E-08, -3.0335
347, 114,  1.36104,  5.48865E-08, -2.98469
348, 118,  0.98164, -0.10, -3.075
349, 117,  1.17275,  4.72936E-08, -3.0335
350, 116,  1.17275, -0.10, -3.0335
351, 118,  0.98164, -0.10, -3.075
352, 119,  0.98164,  3.95867E-08, -3.075
353, 117,  1.17275,  4.72936E-08, -3.0335
354, 120,  0.78817, -0.10, -3.10909
355, 119,  0.98164,  3.95867E-08, -3.075
356, 118,  0.98164, -0.10, -3.075
357, 120,  0.78817, -0.10, -3.10909
358, 121,  0.78817,  3.17845E-08, -3.10909
359, 119,  0.98164,  3.95867E-08, -3.075
360, 122,  0.5928, -0.10, -3.13569
361, 121,  0.78817,  3.17845E-08, -3.10909
362, 120,  0.78817, -0.10, -3.10909
363, 122,  0.5928, -0.10, -3.13569
364, 123,  0.5928,  2.39057E-08, -3.13569
365, 121,  0.78817,  3.17845E-08, -3.10909
366, 124,  0.396, -0.10, -3.15473
367, 123,  0.5928,  2.39057E-08, -3.13569
368, 122,  0.5928, -0.10, -3.13569
369, 124,  0.396, -0.10, -3.15473
370, 125,  0.396,  1.59693E-08, -3.15473
371, 123,  0.5928,  2.39057E-08, -3.13569
372, 126,  0.19824, -0.10, -3.16618
373, 125,  0.396,  1.59693E-08, -3.15473
374, 124,  0.396, -0.10, -3.15473
375, 126,  0.19824, -0.10, -3.16618
376, 127,  0.19824,  7.99442E-09, -3.16618
377, 125,  0.396,  1.59693E-08, -3.15473
378, 128,  6.90186E-06, -0.10, -3.17
379, 127,  0.19824,  7.99442E-09, -3.16618
380, 126,  0.19824, -0.10, -3.16618
381, 128,  6.90186E-06, -0.10, -3.17
382, 129,  6.83604E-06,  2.96504E-13, -3.17
383, 127,  0.19824,  7.99442E-09, -3.16618
384, 130, -0.19823, -0.10, -3.16618
385, 129,  6.83604E-06,  2.96504E-13, -3.17
386, 128,  6.90186E-06, -0.10, -3.17
387, 130, -0.19823, -0.10, -3.16618
388, 131, -0.19823, -7.99383E-09, -3.16618
389, 129,  6.83604E-06,  2.96504E-13, -3.17
390, 132, -0.39598, -0.10, -3.15474
391, 131, -0.19823, -7.99383E-09, -3.16618
392, 130, -0.19823, -0.10, -3.16618
393, 132, -0.39598, -0.10, -3.15474
394, 133, -0.39598, -1.59687E-08, -3.15474
395, 131, -0.19823, -7.99383E-09, -3.16618
396, 134, -0.59278, -0.10, -3.13569
397, 133, -0.39598, -1.59687E-08, -3.15474
398, 132, -0.39598, -0.10, -3.15474
399, 134, -0.59278, -0.10, -3.13569
400, 135, -0.59278, -2.39051E-08, -3.13569
401, 133, -0.39598, -1.59687E-08, -3.15474
402, 136, -0.78816, -0.10, -3.10909
403, 135, -0.59278, -2.39051E-08, -3.13569
404, 134, -0.59278, -0.10, -3.13569
405, 136, -0.78816, -0.10, -3.10909
406, 137, -0.78816, -3.17839E-08, -3.10909
407, 135, -0.59278, -2.39051E-08, -3.13569
408, 138, -0.98163, -0.10, -3.075
409, 137, -0.78816, -3.17839E-08, -3.10909
410, 136, -0.78816, -0.10, -3.10909
411, 138, -0.98163, -0.10, -3.075
412, 139, -0.98163, -3.95861E-08, -3.075
413, 137, -0.78816, -3.17839E-08, -3.10909
414, 140, -1.17274, -0.10, -3.0335
415, 139, -0.98163, -3.95861E-08, -3.075
416, 138, -0.98163, -0.10, -3.075
417, 140, -1.17274, -0.10, -3.0335
418, 141, -1.17274, -4.72930E-08, -3.0335
419, 139, -0.98163, -3.95861E-08, -3.075
420, 142, -1.36103, -0.10, -2.9847
421, 141, -1.17274, -4.72930E-08, -3.0335
422, 140, -1.17274, -0.10, -3.0335
423, 142, -1.36103, -0.10, -2.9847
424, 143, -1.36103, -5.48859E-08, -2.9847
425, 141, -1.17274, -4.72930E-08, -3.0335
426, 144, -1.54603, -6.23467E-08, -2.9287
427, 143, -1.36103, -5.48859E-08, -2.9847
428, 142, -1.36103, -0.10, -2.9847
429, 142, -1.36103, -0.10, -2.9847
430, 145, -1.54603, -0.10, -2.9287
431, 144, -1.54603, -6.23467E-08, -2.9287
432, 146, -1.72731, -6.96572E-08, -2.86565
433, 144, -1.54603, -6.23467E-08, -2.9287
434, 145, -1.54603, -0.10, -2.9287
435, 145, -1.54603, -0.10, -2.9287
436, 147, -1.72731, -0.10, -2.86565
437, 146, -1.72731, -6.96572E-08, -2.86565
438, 148, -1.90443, -7.67999E-08, -2.79569
439, 146, -1.72731, -6.96572E-08, -2.86565
440, 147, -1.72731, -0.10, -2.86565
441, 147, -1.72731, -0.10, -2.86565
442, 149, -1.90443, -0.10, -2.79569
443, 148, -1.90443, -7.67999E-08, -2.79569
444, 150, -2.07697, -8.37576E-08, -2.719
445, 148, -1.90443, -7.67999E-08, -2.79569
446, 149, -1.90443, -0.10, -2.79569
447, 149, -1.90443, -0.10, -2.79569
448, 151, -2.07697, -0.10, -2.719
449, 150, -2.07697, -8.37576E-08, -2.719
450, 152, -2.24449, -9.05135E-08, -2.63576
451, 150, -2.07697, -8.37576E-08, -2.719
452, 151, -2.07697, -0.10, -2.719
453, 151, -2.07697, -0.10, -2.719
454, 153, -2.24449, -0.10, -2.63576
455, 152, -2.24449, -9.05135E-08, -2.63576
456, 154, -2.40662, -9.70513E-08, -2.54617
457, 152, -2.24449, -9.05135E-08, -2.63576
458, 153, -2.24449, -0.10, -2.63576
459, 153, -2.24449, -0.10, -2.63576
460, 155, -2.40662, -0.10, -2.54617
461, 154, -2.40662, -9.70513E-08, -2.54617
462, 156, -2.56294, -1.03355E-07, -2.45045
463, 154, -2.40662, -9.70513E-08, -2.54617
464, 155, -2.40662, -0.10, -2.54617
465, 155, -2.40662, -0.10, -2.54617
466, 157, -2.56294, -0.10, -2.45045
467, 156, -2.56294, -1.03355E-07, -2.45045
468, 158, -2.71309, -1.09410E-07, -2.34882
469, 156, -2.56294, -1.03355E-07, -2.45045
470, 157, -2.56294, -0.10, -2.45045
471, 157, -2.56294, -0.10, -2.45045
472, 159, -2.71309, -0.10, -2.34882
473, 158, -2.71309, -1.09410E-07, -2.34882
474, 160, -2.8567, -1.15202E-07, -2.24154
475, 158, -2.71309, -1.09410E-07, -2.34882
476, 159, -2.71309, -0.10, -2.34882
477, 159, -2.71309, -0.10, -2.34882
478, 161, -2.8567, -0.10, -2.24154
479, 160, -2.8567, -1.15202E-07, -2.24154
480, 162, -2.99343, -1.20716E-07, -2.12885
481, 160, -2.8567, -1.15202E-07, -2.24154
482, 161, -2.8567, -0.10, -2.24154
483, 161, -2.8567, -0.10, -2.24154
484, 163, -2.99343, -0.10, -2.12885
485, 162, -2.99343, -1.20716E-07, -2.12885
486, 164, -3.12295, -1.25939E-07, -2.01103
487, 162, -2.99343, -1.20716E-07, -2.12885
488, 163, -2.99343, -0.10, -2.12885
489, 163, -2.99343, -0.10, -2.12885
490, 165, -3.12295, -0.10, -2.01103
491, 164, -3.12295, -1.25939E-07, -2.01103
492, 166, -3.24495, -1.30859E-07, -1.88837
493, 164, -3.12295, -1.25939E-07, -2.01103
494, 165, -3.12295, -0.10, -2.01103
495, 165, -3.12295, -0.10, -2.01103
496, 167, -3.24495, -0.10, -1.88837
497, 166, -3.24495, -1.30859E-07, -1.88837
498, 168, -3.35913, -1.35463E-07, -1.76117
499, 166, -3.24495, -1.30859E-07, -1.88837
500, 167, -3.24495, -0.10, -1.88837
501, 167, -3.24495, -0.10, -1.88837
502, 169, -3.35913, -0.10, -1.76117
503, 168, -3.35913, -1.35463E-07, -1.76117
504, 170, -3.46522, -1.39741E-07, -1.62971
505, 168, -3.35913, -1.35463E-07, -1.76117
506, 169, -3.35913, -0.10, -1.76117
507, 169, -3.35913, -0.10, -1.76117
508, 171, -3.46522, -0.10, -1.62971
509, 170, -3.46522, -1.39741E-07, -1.62971
510, 172, -3.56296, -1.43683E-07, -1.49433
511, 170, -3.46522, -1.39741E-07, -1.62971
512, 171, -3.46522, -0.10, -1.62971
513, 171, -3.46522, -0.10, -1.62971
514, 173, -3.56296, -0.10, -1.49433
515, 172, -3.56296, -1.43683E-07, -1.49433
516, 174, -3.65211, -1.47278E-07, -1.35536
517, 172, -3.56296, -1.43683E-07, -1.49433
518, 173, -3.56296, -0.10, -1.49433
519, 173, -3.56296, -0.10, -1.49433
520, 175, -3.65211, -0.10, -1.35536
521, 174, -3.65211, -1.47278E-07, -1.35536
522, 176, -3.73247, -1.50519E-07, -1.21311
523, 174, -3.65211, -1.47278E-07, -1.35536
524, 175, -3.65211, -0.10, -1.35536
525, 175, -3.65211, -0.10, -1.35536
526, 177, -3.73247, -0.10, -1.21311
527, 176, -3.73247, -1.50519E-07, -1.21311
528, 178, -3.80384, -1.53397E-07, -1.06795
529, 176, -3.73247, -1.50519E-07, -1.21311
530, 177, -3.73247, -0.10, -1.21311
531, 177, -3.73247, -0.10, -1.21311
532, 179, -3.80384, -0.10, -1.06795
533, 178, -3.80384, -1.53397E-07, -1.06795
534, 180, -3.86604, -1.55905E-07, -0.92021
535, 178, -3.80384, -1.53397E-07, -1.06795
536, 179, -3.80384, -0.10, -1.06795
537, 179, -3.80384, -0.10, -1.06795
538, 181, -3.86604, -0.10, -0.92021
539, 180, -3.86604, -1.55905E-07, -0.92021
540, 182, -3.91892, -1.58038E-07, -0.77025
541, 180, -3.86604, -1.55905E-07, -0.92021
542, 181, -3.86604, -0.10, -0.92021
543, 181, -3.86604, -0.10, -0.92021
544, 183, -3.91892, -0.10, -0.77025
545, 182, -3.91892, -1.58038E-07, -0.77025
546, 184, -3.96237, -1.59790E-07, -0.61844
547, 182, -3.91892, -1.58038E-07, -0.77025
548, 183, -3.91892, -0.10, -0.77025
549, 183, -3.91892, -0.10, -0.77025
550, 185, -3.96237, -0.10, -0.61844
551, 184, -3.96237, -1.59790E-07, -0.61844
552, 186, -3.99627, -1.61157E-07, -0.46514
553, 184, -3.96237, -1.59790E-07, -0.61844
554, 185, -3.96237, -0.10, -0.61844
555, 185, -3.96237, -0.10, -0.61844
556, 187, -3.99627, -0.10, -0.46514
557, 186, -3.99627, -1.61157E-07, -0.46514
558, 188, -4.02055, -1.62136E-07, -0.31072
559, 186, -3.99627, -1.61157E-07, -0.46514
560, 187, -3.99627, -0.10, -0.46514
561, 187, -3.99627, -0.10, -0.46514
562, 189, -4.02055, -0.10, -0.31072
563, 188, -4.02055, -1.62136E-07, -0.31072
564, 190, -4.03513, -1.62724E-07, -0.15555
565, 188, -4.02055, -1.62136E-07, -0.31072
566, 189, -4.02055, -0.10, -0.31072
567, 189, -4.02055, -0.10, -0.31072
568, 191, -4.03513, -0.10, -0.15555
569, 190, -4.03513, -1.62724E-07, -0.15555
570, 192, -4.04, -1.62921E-07, -3.83872E-06
571, 190, -4.03513, -1.62724E-07, -0.15555
572, 191, -4.03513, -0.10, -0.15555
573, 191, -4.03513, -0.10, -0.15555
574, 193, -4.04, -0.10, -3.83872E-06
575, 192, -4.04, -1.62921E-07, -3.83872E-06
576, 192, -4.04, -1.62921E-07, -3.83872E-06
577, 193, -4.04, -0.10, -3.83872E-06
578, 194, -4.03513, -0.10,  0.15554
579, 194, -4.03513, -0.10,  0.15554
580, 195, -4.03513, -1.62724E-07,  0.15554
581, 192, -4.04, -1.62921E-07, -3.83872E-06
582, 195, -4.03513, -1.62724E-07,  0.15554
583, 194, -4.03513, -0.10,  0.15554
584, 196, -4.02055, -0.10,  0.31071
585, 196, -4.02055, -0.10,  0.31071
586, 197, -4.02055, -1.62136E-07,  0.31071
587, 195, -4.03513, -1.62724E-07,  0.15554
588, 197, -4.02055, -1.62136E-07,  0.31071
589, 196, -4.02055, -0.10,  0.31071
590, 198, -3.99627, -0.10,  0.46513
591, 198, -3.99627, -0.10,  0.46513
592, 199, -3.99627, -1.61157E-07,  0.46513
593, 197, -4.02055, -1.62136E-07,  0.31071
594, 199, -3.99627, -1.61157E-07,  0.46513
595, 198, -3.99627, -0.10,  0.46513
596, 200, -3.96237, -0.10,  0.61843
597, 200, -3.96237, -0.10,  0.61843
598, 201, -3.96237, -1.59790E-07,  0.61843
599, 199, -3.99627, -1.61157E-07,  0.46513
600, 201, -3.96237, -1.59790E-07,  0.61843
601, 200, -3.96237, -0.10,  0.61843
602, 202, -3.91893, -0.10,  0.77025
603, 202, -3.91893, -0.10,  0.77025
604, 203, -3.91893, -1.58038E-07,  0.77025
605, 201, -3.96237, -1.59790E-07,  0.61843
606, 203, -3.91893, -1.58038E-07,  0.77025
607, 202, -3.91893, -0.10,  0.77025
608, 204, -3.86604, -0.10,  0.9202
609, 204, -3.86604, -0.10,  0.9202
610, 205, -3.86604, -1.55905E-07,  0.9202
611, 203, -3.91893, -1.58038E-07,  0.77025
612, 205, -3.86604, -1.55905E-07,  0.9202
613, 204, -3.86604, -0.10,  0.9202
614, 206, -3.80384, -0.10,  1.06794
615, 206, -3.80384, -0.10,  1.06794
616, 207, -3.80384, -1.53397E-07,  1.06794
617, 205, -3.86604, -1.55905E-07,  0.9202
618, 207, -3.80384, -1.53397E-07,  1.06794
619, 206, -3.80384, -0.10,  1.06794
620, 208, -3.73247, -0.10,  1.21311
621, 208, -3.73247, -0.10,  1.21311
622, 209, -3.73247, -1.50519E-07,  1.21311
623, 207, -3.80384, -1.53397E-07,  1.06794
624, 209, -3.73247, -1.50519E-07,  1.21311
625, 208, -3.73247, -0.10,  1.21311
626, 210, -3.65212, -0.10,  1.35535
627, 210, -3.65212, -0.10,  1.35535
628, 211, -3.65212, -1.47279E-07,  1.35535
629, 209, -3.73247, -1.50519E-07,  1.21311
630, 211, -3.65212, -1.47279E-07,  1.35535
631, 210, -3.65212, -0.10,  1.35535
632, 212, -3.56296, -0.10,  1.49433
633, 212, -3.56296, -0.10,  1.49433
634, 213, -3.56296, -1.43683E-07,  1.49433
635, 211, -3.65212, -1.47279E-07,  1.35535
636, 213, -3.56296, -1.43683E-07,  1.49433
637, 212, -3.56296, -0.10,  1.49433
638, 214, -3.46522, -0.10,  1.62971
639, 214, -3.46522, -0.10,  1.62971
640, 215, -3.46522, -1.39742E-07,  1.62971
641, 213, -3.56296, -1.43683E-07,  1.49433
642, 215, -3.46522, -1.39742E-07,  1.62971
643, 214, -3.46522, -0.10,  1.62971
644, 216, -3.35914, -0.10,  1.76116
645, 216, -3.35914, -0.10,  1.76116
646, 217, -3.35914, -1.35464E-07,  1.76116
647, 215, -3.46522, -1.39742E-07,  1.62971
648, 217, -3.35914, -1.35464E-07,  1.76116
649, 216, -3.35914, -0.10,  1.76116
650, 218, -3.24496, -0.10,  1.88837
651, 218, -3.24496, -0.10,  1.88837
652, 219, -3.24496, -1.30859E-07,  1.88837
653, 217, -3.35914, -1.35464E-07,  1.76116
654, 219, -3.24496, -1.30859E-07,  1.88837
655, 218, -3.24496, -0.10,  1.88837
656, 220, -3.12296, -0.10,  2.01103
657, 220, -3.12296, -0.10,  2.01103
658, 221, -3.12296, -1.25939E-07,  2.01103
659, 219, -3.24496, -1.30859E-07,  1.88837
660, 221, -3.12296, -1.25939E-07,  2.01103
661, 220, -3.12296, -0.10,  2.01103
662, 222, -2.99344, -0.10,  2.12884
663, 223, -2.99344, -1.20716E-07,  2.12884
664, 221, -3.12296, -1.25939E-07,  2.01103
665, 222, -2.99344, -0.10,  2.12884
666, 223, -2.99344, -1.20716E-07,  2.12884
667, 222, -2.99344, -0.10,  2.12884
668, 224, -2.85671, -0.10,  2.24153
669, 225, -2.85671, -1.15202E-07,  2.24153
670, 223, -2.99344, -1.20716E-07,  2.12884
671, 224, -2.85671, -0.10,  2.24153
672, 225, -2.85671, -1.15202E-07,  2.24153
673, 224, -2.85671, -0.10,  2.24153
674, 226, -2.71309, -0.10,  2.34882
675, 227, -2.71309, -1.09411E-07,  2.34882
676, 225, -2.85671, -1.15202E-07,  2.24153
677, 226, -2.71309, -0.10,  2.34882
678, 227, -2.71309, -1.09411E-07,  2.34882
679, 226, -2.71309, -0.10,  2.34882
680, 228, -2.56295, -0.10,  2.45045
681, 229, -2.56295, -1.03356E-07,  2.45045
682, 227, -2.71309, -1.09411E-07,  2.34882
683, 228, -2.56295, -0.10,  2.45045
684, 229, -2.56295, -1.03356E-07,  2.45045
685, 228, -2.56295, -0.10,  2.45045
686, 230, -2.40662, -0.10,  2.54617
687, 231, -2.40662, -9.70516E-08,  2.54617
688, 229, -2.56295, -1.03356E-07,  2.45045
689, 230, -2.40662, -0.10,  2.54617
690, 231, -2.40662, -9.70516E-08,  2.54617
691, 230, -2.40662, -0.10,  2.54617
692, 232, -2.2445, -0.10,  2.63576
693, 233, -2.2445, -9.05137E-08,  2.63576
694, 231, -2.40662, -9.70516E-08,  2.54617
695, 232, -2.2445, -0.10,  2.63576
696, 233, -2.2445, -9.05137E-08,  2.63576
697, 232, -2.2445, -0.10,  2.63576
698, 234, -2.07697, -0.10,  2.719
699, 235, -2.07697, -8.37578E-08,  2.719
700, 233, -2.2445, -9.05137E-08,  2.63576
701, 234, -2.07697, -0.10,  2.719
702, 235, -2.07697, -8.37578E-08,  2.719
703, 234, -2.07697, -0.10,  2.719
704, 236, -1.90444, -0.10,  2.79569
705, 237, -1.90444, -7.68000E-08,  2.79569
706, 235, -2.07697, -8.37578E-08,  2.719
707, 236, -1.90444, -0.10,  2.79569
708, 237, -1.90444, -7.68000E-08,  2.79569
709, 236, -1.90444, -0.10,  2.79569
710, 238, -1.72732, -0.10,  2.86565
711, 237, -1.90444, -7.68000E-08,  2.79569
712, 238, -1.72732, -0.10,  2.86565
713, 239, -1.72732, -6.96573E-08,  2.86565
714, 239, -1.72732, -6.96573E-08,  2.86565
715, 238, -1.72732, -0.10,  2.86565
716, 240, -1.54603, -0.10,  2.9287
717, 239, -1.72732, -6.96573E-08,  2.86565
718, 240, -1.54603, -0.10,  2.9287
719, 241, -1.54603, -6.23468E-08,  2.9287
720, 241, -1.54603, -6.23468E-08,  2.9287
721, 240, -1.54603, -0.10,  2.9287
722, 242, -1.36103, -0.10,  2.9847
723, 241, -1.54603, -6.23468E-08,  2.9287
724, 242, -1.36103, -0.10,  2.9847
725, 243, -1.36103, -5.48860E-08,  2.9847
726, 244, -1.17274, -4.72930E-08,  3.0335
727, 243, -1.36103, -5.48860E-08,  2.9847
728, 242, -1.36103, -0.10,  2.9847
729, 242, -1.36103, -0.10,  2.9847
730, 245, -1.17274, -0.10,  3.0335
731, 244, -1.17274, -4.72930E-08,  3.0335
732, 246, -0.98163, -3.95861E-08,  3.075
733, 244, -1.17274, -4.72930E-08,  3.0335
734, 245, -1.17274, -0.10,  3.0335
735, 245, -1.17274, -0.10,  3.0335
736, 247, -0.98163, -0.10,  3.075
737, 246, -0.98163, -3.95861E-08,  3.075
738, 248, -0.78815, -3.17839E-08,  3.10909
739, 246, -0.98163, -3.95861E-08,  3.075
740, 247, -0.98163, -0.10,  3.075
741, 247, -0.98163, -0.10,  3.075
742, 249, -0.78815, -0.10,  3.10909
743, 248, -0.78815, -3.17839E-08,  3.10909
744, 250, -0.59278, -2.39050E-08,  3.13569
745, 248, -0.78815, -3.17839E-08,  3.10909
746, 249, -0.78815, -0.10,  3.10909
747, 249, -0.78815, -0.10,  3.10909
748, 251, -0.59278, -0.10,  3.13569
749, 250, -0.59278, -2.39050E-08,  3.13569
750, 252, -0.39598, -1.59686E-08,  3.15474
751, 250, -0.59278, -2.39050E-08,  3.13569
752, 251, -0.59278, -0.10,  3.13569
753, 251, -0.59278, -0.10,  3.13569
754, 253, -0.39598, -0.10,  3.15474
755, 252, -0.39598, -1.59686E-08,  3.15474
756, 254, -0.19822, -7.99367E-09,  3.16618
757, 252, -0.39598, -1.59686E-08,  3.15474
758, 253, -0.39598, -0.10,  3.15474
759, 253, -0.39598, -0.10,  3.15474
760, 255, -0.19822, -0.10,  3.16618
761, 254, -0.19822, -7.99367E-09,  3.16618
762, 256,  5.16458E-07,  0.00,  3.17
763, 254, -0.19822, -7.99367E-09,  3.16618
764, 255, -0.19822, -0.10,  3.16618
765, 255, -0.19822, -0.10,  3.16618
766, 257,  5.82278E-07, -0.10,  3.17
767, 256,  5.16458E-07,  0.00,  3.17
768, 258,  4.03513,  1.62724E-07,  0.15554
769, 259,  4.04,  1.62921E-07, -1.93044E-06
770, 260,  2.02,  8.14603E-08, -9.65222E-07
771, 259,  4.04,  1.62921E-07, -1.93044E-06
772, 261,  4.03513,  1.62724E-07, -0.15555
773, 260,  2.02,  8.14603E-08, -9.65222E-07
774, 260,  2.02,  8.14603E-08, -9.65222E-07
775, 262,  2.01757,  8.13622E-08,  0.07777
776, 258,  4.03513,  1.62724E-07,  0.15554
777, 263,  0.00,  0.00,  0.00
778, 262,  2.01757,  8.13622E-08,  0.07777
779, 260,  2.02,  8.14603E-08, -9.65222E-07
780, 264,  4.02055,  1.62136E-07,  0.31071
781, 258,  4.03513,  1.62724E-07,  0.15554
782, 262,  2.01757,  8.13622E-08,  0.07777
783, 265,  2.01757,  8.13622E-08, -0.07777
784, 260,  2.02,  8.14603E-08, -9.65222E-07
785, 261,  4.03513,  1.62724E-07, -0.15555
786, 263,  0.00,  0.00,  0.00
787, 260,  2.02,  8.14603E-08, -9.65222E-07
788, 265,  2.01757,  8.13622E-08, -0.07777
789, 261,  4.03513,  1.62724E-07, -0.15555
790, 266,  4.02055,  1.62136E-07, -0.31072
791, 265,  2.01757,  8.13622E-08, -0.07777
792, 262,  2.01757,  8.13622E-08,  0.07777
793, 267,  2.01027,  8.10681E-08,  0.15536
794, 264,  4.02055,  1.62136E-07,  0.31071
795, 263,  0.00,  0.00,  0.00
796, 267,  2.01027,  8.10681E-08,  0.15536
797, 262,  2.01757,  8.13622E-08,  0.07777
798, 268,  3.99627,  1.61157E-07,  0.46513
799, 264,  4.02055,  1.62136E-07,  0.31071
800, 267,  2.01027,  8.10681E-08,  0.15536
801, 269,  2.01027,  8.10681E-08, -0.15536
802, 265,  2.01757,  8.13622E-08, -0.07777
803, 266,  4.02055,  1.62136E-07, -0.31072
804, 263,  0.00,  0.00,  0.00
805, 265,  2.01757,  8.13622E-08, -0.07777
806, 269,  2.01027,  8.10681E-08, -0.15536
807, 266,  4.02055,  1.62136E-07, -0.31072
808, 270,  3.99627,  1.61157E-07, -0.46514
809, 269,  2.01027,  8.10681E-08, -0.15536
810, 267,  2.01027,  8.10681E-08,  0.15536
811, 271,  1.99814,  8.05787E-08,  0.23257
812, 268,  3.99627,  1.61157E-07,  0.46513
813, 263,  0.00,  0.00,  0.00
814, 271,  1.99814,  8.05787E-08,  0.23257
815, 267,  2.01027,  8.10681E-08,  0.15536
816, 272,  3.96237,  1.59790E-07,  0.61843
817, 268,  3.99627,  1.61157E-07,  0.46513
818, 271,  1.99814,  8.05787E-08,  0.23257
819, 273,  1.99814,  8.05787E-08, -0.23257
820, 269,  2.01027,  8.10681E-08, -0.15536
821, 270,  3.99627,  1.61157E-07, -0.46514
822, 263,  0.00,  0.00,  0.00
823, 269,  2.01027,  8.10681E-08, -0.15536
824, 273,  1.99814,  8.05787E-08, -0.23257
825, 270,  3.99627,  1.61157E-07, -0.46514
826, 274,  3.96237,  1.59790E-07, -0.61844
827, 273,  1.99814,  8.05787E-08, -0.23257
828, 271,  1.99814,  8.05787E-08,  0.23257
829, 275,  1.98119,  7.98951E-08,  0.30922
830, 272,  3.96237,  1.59790E-07,  0.61843
831, 263,  0.00,  0.00,  0.00
832, 275,  1.98119,  7.98951E-08,  0.30922
833, 271,  1.99814,  8.05787E-08,  0.23257
834, 263,  0.00,  0.00,  0.00
835, 273,  1.99814,  8.05787E-08, -0.23257
836, 276,  1.98119,  7.98951E-08, -0.30922
837, 276,  1.98119,  7.98951E-08, -0.30922
838, 273,  1.99814,  8.05787E-08, -0.23257
839, 274,  3.96237,  1.59790E-07, -0.61844
840, 263,  0.00,  0.00,  0.00
841, 277,  1.95946,  7.90191E-08,  0.38512
842, 275,  1.98119,  7.98951E-08,  0.30922
843, 278,  3.91893,  1.58038E-07,  0.77025
844, 272,  3.96237,  1.59790E-07,  0.61843
845, 275,  1.98119,  7.98951E-08,  0.30922
846, 275,  1.98119,  7.98951E-08,  0.30922
847, 277,  1.95946,  7.90191E-08,  0.38512
848, 278,  3.91893,  1.58038E-07,  0.77025
849, 274,  3.96237,  1.59790E-07, -0.61844
850, 279,  3.91893,  1.58038E-07, -0.77025
851, 276,  1.98119,  7.98951E-08, -0.30922
852, 280,  3.86604,  1.55905E-07,  0.9202
853, 278,  3.91893,  1.58038E-07,  0.77025
854, 277,  1.95946,  7.90191E-08,  0.38512
855, 281,  1.95946,  7.90191E-08, -0.38512
856, 276,  1.98119,  7.98951E-08, -0.30922
857, 279,  3.91893,  1.58038E-07, -0.77025
858, 263,  0.00,  0.00,  0.00
859, 276,  1.98119,  7.98951E-08, -0.30922
860, 281,  1.95946,  7.90191E-08, -0.38512
861, 279,  3.91893,  1.58038E-07, -0.77025
862, 282,  3.86604,  1.55905E-07, -0.9202
863, 281,  1.95946,  7.90191E-08, -0.38512
864, 277,  1.95946,  7.90191E-08,  0.38512
865, 283,  1.93302,  7.79527E-08,  0.4601
866, 280,  3.86604,  1.55905E-07,  0.9202
867, 263,  0.00,  0.00,  0.00
868, 283,  1.93302,  7.79527E-08,  0.4601
869, 277,  1.95946,  7.90191E-08,  0.38512
870, 284,  3.80384,  1.53397E-07,  1.06794
871, 280,  3.86604,  1.55905E-07,  0.9202
872, 283,  1.93302,  7.79527E-08,  0.4601
873, 285,  1.93302,  7.79527E-08, -0.4601
874, 281,  1.95946,  7.90191E-08, -0.38512
875, 282,  3.86604,  1.55905E-07, -0.9202
876, 263,  0.00,  0.00,  0.00
877, 281,  1.95946,  7.90191E-08, -0.38512
878, 285,  1.93302,  7.79527E-08, -0.4601
879, 282,  3.86604,  1.55905E-07, -0.9202
880, 286,  3.80384,  1.53397E-07, -1.06794
881, 285,  1.93302,  7.79527E-08, -0.4601
882, 283,  1.93302,  7.79527E-08,  0.4601
883, 287,  1.90192,  7.66985E-08,  0.53397
884, 284,  3.80384,  1.53397E-07,  1.06794
885, 263,  0.00,  0.00,  0.00
886, 287,  1.90192,  7.66985E-08,  0.53397
887, 283,  1.93302,  7.79527E-08,  0.4601
888, 288,  3.73247,  1.50519E-07,  1.2131
889, 284,  3.80384,  1.53397E-07,  1.06794
890, 287,  1.90192,  7.66985E-08,  0.53397
891, 289,  1.90192,  7.66985E-08, -0.53397
892, 285,  1.93302,  7.79527E-08, -0.4601
893, 286,  3.80384,  1.53397E-07, -1.06794
894, 263,  0.00,  0.00,  0.00
895, 285,  1.93302,  7.79527E-08, -0.4601
896, 289,  1.90192,  7.66985E-08, -0.53397
897, 286,  3.80384,  1.53397E-07, -1.06794
898, 290,  3.73247,  1.50519E-07, -1.21311
899, 289,  1.90192,  7.66985E-08, -0.53397
900, 287,  1.90192,  7.66985E-08,  0.53397
901, 291,  1.86624,  7.52595E-08,  0.60655
902, 288,  3.73247,  1.50519E-07,  1.2131
903, 263,  0.00,  0.00,  0.00
904, 291,  1.86624,  7.52595E-08,  0.60655
905, 287,  1.90192,  7.66985E-08,  0.53397
906, 263,  0.00,  0.00,  0.00
907, 289,  1.90192,  7.66985E-08, -0.53397
908, 292,  1.86624,  7.52595E-08, -0.60655
909, 292,  1.86624,  7.52595E-08, -0.60655
910, 289,  1.90192,  7.66985E-08, -0.53397
911, 290,  3.73247,  1.50519E-07, -1.21311
912, 263,  0.00,  0.00,  0.00
913, 293,  1.82606,  7.36393E-08,  0.67767
914, 291,  1.86624,  7.52595E-08,  0.60655
915, 294,  3.65212,  1.47279E-07,  1.35535
916, 288,  3.73247,  1.50519E-07,  1.2131
917, 291,  1.86624,  7.52595E-08,  0.60655
918, 291,  1.86624,  7.52595E-08,  0.60655
919, 293,  1.82606,  7.36393E-08,  0.67767
920, 294,  3.65212,  1.47279E-07,  1.35535
921, 290,  3.73247,  1.50519E-07, -1.21311
922, 295,  3.65212,  1.47279E-07, -1.35535
923, 292,  1.86624,  7.52595E-08, -0.60655
924, 296,  3.56296,  1.43683E-07,  1.49433
925, 294,  3.65212,  1.47279E-07,  1.35535
926, 293,  1.82606,  7.36393E-08,  0.67767
927, 297,  1.82606,  7.36393E-08, -0.67768
928, 292,  1.86624,  7.52595E-08, -0.60655
929, 295,  3.65212,  1.47279E-07, -1.35535
930, 263,  0.00,  0.00,  0.00
931, 292,  1.86624,  7.52595E-08, -0.60655
932, 297,  1.82606,  7.36393E-08, -0.67768
933, 295,  3.65212,  1.47279E-07, -1.35535
934, 298,  3.56296,  1.43683E-07, -1.49433
935, 297,  1.82606,  7.36393E-08, -0.67768
936, 293,  1.82606,  7.36393E-08,  0.67767
937, 299,  1.78148,  7.18416E-08,  0.74716
938, 296,  3.56296,  1.43683E-07,  1.49433
939, 263,  0.00,  0.00,  0.00
940, 299,  1.78148,  7.18416E-08,  0.74716
941, 293,  1.82606,  7.36393E-08,  0.67767
942, 300,  3.46522,  1.39742E-07,  1.6297
943, 296,  3.56296,  1.43683E-07,  1.49433
944, 299,  1.78148,  7.18416E-08,  0.74716
945, 301,  1.78148,  7.18416E-08, -0.74716
946, 297,  1.82606,  7.36393E-08, -0.67768
947, 298,  3.56296,  1.43683E-07, -1.49433
948, 263,  0.00,  0.00,  0.00
949, 297,  1.82606,  7.36393E-08, -0.67768
950, 301,  1.78148,  7.18416E-08, -0.74716
951, 298,  3.56296,  1.43683E-07, -1.49433
952, 302,  3.46522,  1.39742E-07, -1.62971
953, 301,  1.78148,  7.18416E-08, -0.74716
954, 299,  1.78148,  7.18416E-08,  0.74716
955, 303,  1.73261,  6.98709E-08,  0.81485
956, 300,  3.46522,  1.39742E-07,  1.6297
957, 263,  0.00,  0.00,  0.00
958, 303,  1.73261,  6.98709E-08,  0.81485
959, 299,  1.78148,  7.18416E-08,  0.74716
960, 304,  3.35914,  1.35464E-07,  1.76116
961, 300,  3.46522,  1.39742E-07,  1.6297
962, 303,  1.73261,  6.98709E-08,  0.81485
963, 305,  1.73261,  6.98709E-08, -0.81485
964, 301,  1.78148,  7.18416E-08, -0.74716
965, 302,  3.46522,  1.39742E-07, -1.62971
966, 263,  0.00,  0.00,  0.00
967, 301,  1.78148,  7.18416E-08, -0.74716
968, 305,  1.73261,  6.98709E-08, -0.81485
969, 302,  3.46522,  1.39742E-07, -1.62971
970, 306,  3.35914,  1.35464E-07, -1.76116
971, 305,  1.73261,  6.98709E-08, -0.81485
972, 303,  1.73261,  6.98709E-08,  0.81485
973, 307,  1.67957,  6.77318E-08,  0.88058
974, 304,  3.35914,  1.35464E-07,  1.76116
975, 263,  0.00,  0.00,  0.00
976, 307,  1.67957,  6.77318E-08,  0.88058
977, 303,  1.73261,  6.98709E-08,  0.81485
978, 263,  0.00,  0.00,  0.00
979, 305,  1.73261,  6.98709E-08, -0.81485
980, 308,  1.67957,  6.77318E-08, -0.88058
981, 305,  1.73261,  6.98709E-08, -0.81485
982, 306,  3.35914,  1.35464E-07, -1.76116
983, 308,  1.67957,  6.77318E-08, -0.88058
984, 263,  0.00,  0.00,  0.00
985, 309,  1.62248,  6.54296E-08,  0.94418
986, 307,  1.67957,  6.77318E-08,  0.88058
987, 310,  3.24496,  1.30859E-07,  1.88837
988, 304,  3.35914,  1.35464E-07,  1.76116
989, 307,  1.67957,  6.77318E-08,  0.88058
990, 307,  1.67957,  6.77318E-08,  0.88058
991, 309,  1.62248,  6.54296E-08,  0.94418
992, 310,  3.24496,  1.30859E-07,  1.88837
993, 306,  3.35914,  1.35464E-07, -1.76116
994, 311,  3.24496,  1.30859E-07, -1.88837
995, 308,  1.67957,  6.77318E-08, -0.88058
996, 312,  3.12296,  1.25939E-07,  2.01103
997, 310,  3.24496,  1.30859E-07,  1.88837
998, 309,  1.62248,  6.54296E-08,  0.94418
999, 311,  3.24496,  1.30859E-07, -1.88837
1000, 313,  1.62248,  6.54296E-08, -0.94418
1001, 308,  1.67957,  6.77318E-08, -0.88058
1002, 263,  0.00,  0.00,  0.00
1003, 308,  1.67957,  6.77318E-08, -0.88058
1004, 313,  1.62248,  6.54296E-08, -0.94418
1005, 311,  3.24496,  1.30859E-07, -1.88837
1006, 314,  3.12296,  1.25939E-07, -2.01103
1007, 313,  1.62248,  6.54296E-08, -0.94418
1008, 309,  1.62248,  6.54296E-08,  0.94418
1009, 315,  1.56148,  6.29697E-08,  1.00551
1010, 312,  3.12296,  1.25939E-07,  2.01103
1011, 263,  0.00,  0.00,  0.00
1012, 315,  1.56148,  6.29697E-08,  1.00551
1013, 309,  1.62248,  6.54296E-08,  0.94418
1014, 316,  2.99344,  1.20716E-07,  2.12884
1015, 312,  3.12296,  1.25939E-07,  2.01103
1016, 315,  1.56148,  6.29697E-08,  1.00551
1017, 314,  3.12296,  1.25939E-07, -2.01103
1018, 317,  1.56148,  6.29697E-08, -1.00551
1019, 313,  1.62248,  6.54296E-08, -0.94418
1020, 263,  0.00,  0.00,  0.00
1021, 313,  1.62248,  6.54296E-08, -0.94418
1022, 317,  1.56148,  6.29697E-08, -1.00551
1023, 314,  3.12296,  1.25939E-07, -2.01103
1024, 318,  2.99344,  1.20716E-07, -2.12884
1025, 317,  1.56148,  6.29697E-08, -1.00551
1026, 315,  1.56148,  6.29697E-08,  1.00551
1027, 319,  1.49672,  6.03581E-08,  1.06442
1028, 316,  2.99344,  1.20716E-07,  2.12884
1029, 263,  0.00,  0.00,  0.00
1030, 319,  1.49672,  6.03581E-08,  1.06442
1031, 315,  1.56148,  6.29697E-08,  1.00551
1032, 320,  2.85671,  1.15202E-07,  2.24153
1033, 316,  2.99344,  1.20716E-07,  2.12884
1034, 319,  1.49672,  6.03581E-08,  1.06442
1035, 318,  2.99344,  1.20716E-07, -2.12884
1036, 321,  1.49672,  6.03581E-08, -1.06442
1037, 317,  1.56148,  6.29697E-08, -1.00551
1038, 263,  0.00,  0.00,  0.00
1039, 317,  1.56148,  6.29697E-08, -1.00551
1040, 321,  1.49672,  6.03581E-08, -1.06442
1041, 318,  2.99344,  1.20716E-07, -2.12884
1042, 322,  2.85671,  1.15202E-07, -2.24153
1043, 321,  1.49672,  6.03581E-08, -1.06442
1044, 319,  1.49672,  6.03581E-08,  1.06442
1045, 323,  1.42836,  5.76012E-08,  1.12076
1046, 320,  2.85671,  1.15202E-07,  2.24153
1047, 263,  0.00,  0.00,  0.00
1048, 323,  1.42836,  5.76012E-08,  1.12076
1049, 319,  1.49672,  6.03581E-08,  1.06442
1050, 263,  0.00,  0.00,  0.00
1051, 321,  1.49672,  6.03581E-08, -1.06442
1052, 324,  1.42836,  5.76012E-08, -1.12076
1053, 322,  2.85671,  1.15202E-07, -2.24153
1054, 324,  1.42836,  5.76012E-08, -1.12076
1055, 321,  1.49672,  6.03581E-08, -1.06442
1056, 263,  0.00,  0.00,  0.00
1057, 325,  1.35655,  5.47054E-08,  1.17441
1058, 323,  1.42836,  5.76012E-08,  1.12076
1059, 326,  2.7131,  1.09411E-07,  2.34881
1060, 320,  2.85671,  1.15202E-07,  2.24153
1061, 323,  1.42836,  5.76012E-08,  1.12076
1062, 323,  1.42836,  5.76012E-08,  1.12076
1063, 325,  1.35655,  5.47054E-08,  1.17441
1064, 326,  2.7131,  1.09411E-07,  2.34881
1065, 322,  2.85671,  1.15202E-07, -2.24153
1066, 327,  2.7131,  1.09411E-07, -2.34881
1067, 324,  1.42836,  5.76012E-08, -1.12076
1068, 328,  2.56295,  1.03356E-07,  2.45044
1069, 326,  2.7131,  1.09411E-07,  2.34881
1070, 325,  1.35655,  5.47054E-08,  1.17441
1071, 327,  2.7131,  1.09411E-07, -2.34881
1072, 329,  1.35655,  5.47054E-08, -1.17441
1073, 324,  1.42836,  5.76012E-08, -1.12076
1074, 263,  0.00,  0.00,  0.00
1075, 324,  1.42836,  5.76012E-08, -1.12076
1076, 329,  1.35655,  5.47054E-08, -1.17441
1077, 327,  2.7131,  1.09411E-07, -2.34881
1078, 330,  2.56295,  1.03356E-07, -2.45044
1079, 329,  1.35655,  5.47054E-08, -1.17441
1080, 325,  1.35655,  5.47054E-08,  1.17441
1081, 331,  1.28147,  5.16779E-08,  1.22522
1082, 328,  2.56295,  1.03356E-07,  2.45044
1083, 263,  0.00,  0.00,  0.00
1084, 331,  1.28147,  5.16779E-08,  1.22522
1085, 325,  1.35655,  5.47054E-08,  1.17441
1086, 332,  2.40663,  9.70517E-08,  2.54617
1087, 328,  2.56295,  1.03356E-07,  2.45044
1088, 331,  1.28147,  5.16779E-08,  1.22522
1089, 330,  2.56295,  1.03356E-07, -2.45044
1090, 333,  1.28147,  5.16779E-08, -1.22522
1091, 329,  1.35655,  5.47054E-08, -1.17441
1092, 263,  0.00,  0.00,  0.00
1093, 329,  1.35655,  5.47054E-08, -1.17441
1094, 333,  1.28147,  5.16779E-08, -1.22522
1095, 330,  2.56295,  1.03356E-07, -2.45044
1096, 334,  2.40663,  9.70518E-08, -2.54617
1097, 333,  1.28147,  5.16779E-08, -1.22522
1098, 331,  1.28147,  5.16779E-08,  1.22522
1099, 335,  1.20331,  4.85259E-08,  1.27308
1100, 332,  2.40663,  9.70517E-08,  2.54617
1101, 263,  0.00,  0.00,  0.00
1102, 335,  1.20331,  4.85259E-08,  1.27308
1103, 331,  1.28147,  5.16779E-08,  1.22522
1104, 336,  2.2445,  9.05139E-08,  2.63576
1105, 332,  2.40663,  9.70517E-08,  2.54617
1106, 335,  1.20331,  4.85259E-08,  1.27308
1107, 334,  2.40663,  9.70518E-08, -2.54617
1108, 337,  1.20331,  4.85259E-08, -1.27308
1109, 333,  1.28147,  5.16779E-08, -1.22522
1110, 263,  0.00,  0.00,  0.00
1111, 333,  1.28147,  5.16779E-08, -1.22522
1112, 337,  1.20331,  4.85259E-08, -1.27308
1113, 334,  2.40663,  9.70518E-08, -2.54617
1114, 338,  2.24451,  9.05140E-08, -2.63576
1115, 337,  1.20331,  4.85259E-08, -1.27308
1116, 335,  1.20331,  4.85259E-08,  1.27308
1117, 339,  1.12225,  4.52569E-08,  1.31788
1118, 336,  2.2445,  9.05139E-08,  2.63576
1119, 263,  0.00,  0.00,  0.00
1120, 339,  1.12225,  4.52569E-08,  1.31788
1121, 335,  1.20331,  4.85259E-08,  1.27308
1122, 263,  0.00,  0.00,  0.00
1123, 337,  1.20331,  4.85259E-08, -1.27308
1124, 340,  1.12225,  4.52570E-08, -1.31788
1125, 338,  2.24451,  9.05140E-08, -2.63576
1126, 340,  1.12225,  4.52570E-08, -1.31788
1127, 337,  1.20331,  4.85259E-08, -1.27308
1128, 263,  0.00,  0.00,  0.00
1129, 341,  1.03849,  4.18790E-08,  1.3595
1130, 339,  1.12225,  4.52569E-08,  1.31788
1131, 342,  2.07698,  8.37580E-08,  2.719
1132, 336,  2.2445,  9.05139E-08,  2.63576
1133, 339,  1.12225,  4.52569E-08,  1.31788
1134, 339,  1.12225,  4.52569E-08,  1.31788
1135, 341,  1.03849,  4.18790E-08,  1.3595
1136, 342,  2.07698,  8.37580E-08,  2.719
1137, 338,  2.24451,  9.05140E-08, -2.63576
1138, 343,  2.07698,  8.37581E-08, -2.719
1139, 340,  1.12225,  4.52570E-08, -1.31788
1140, 344,  1.90444,  7.68003E-08,  2.79569
1141, 342,  2.07698,  8.37580E-08,  2.719
1142, 341,  1.03849,  4.18790E-08,  1.3595
1143, 343,  2.07698,  8.37581E-08, -2.719
1144, 345,  1.03849,  4.18790E-08, -1.3595
1145, 340,  1.12225,  4.52570E-08, -1.31788
1146, 263,  0.00,  0.00,  0.00
1147, 340,  1.12225,  4.52570E-08, -1.31788
1148, 345,  1.03849,  4.18790E-08, -1.3595
1149, 343,  2.07698,  8.37581E-08, -2.719
1150, 346,  1.90445,  7.68004E-08, -2.79569
1151, 345,  1.03849,  4.18790E-08, -1.3595
1152, 341,  1.03849,  4.18790E-08,  1.3595
1153, 347,  0.95222,  3.84001E-08,  1.39784
1154, 344,  1.90444,  7.68003E-08,  2.79569
1155, 263,  0.00,  0.00,  0.00
1156, 347,  0.95222,  3.84001E-08,  1.39784
1157, 341,  1.03849,  4.18790E-08,  1.3595
1158, 348,  1.72732,  6.96576E-08,  2.86565
1159, 344,  1.90444,  7.68003E-08,  2.79569
1160, 347,  0.95222,  3.84001E-08,  1.39784
1161, 346,  1.90445,  7.68004E-08, -2.79569
1162, 349,  0.95222,  3.84002E-08, -1.39784
1163, 345,  1.03849,  4.18790E-08, -1.3595
1164, 263,  0.00,  0.00,  0.00
1165, 345,  1.03849,  4.18790E-08, -1.3595
1166, 349,  0.95222,  3.84002E-08, -1.39784
1167, 349,  0.95222,  3.84002E-08, -1.39784
1168, 346,  1.90445,  7.68004E-08, -2.79569
1169, 350,  1.72733,  6.96577E-08, -2.86564
1170, 347,  0.95222,  3.84001E-08,  1.39784
1171, 351,  0.86366,  3.48288E-08,  1.43282
1172, 348,  1.72732,  6.96576E-08,  2.86565
1173, 263,  0.00,  0.00,  0.00
1174, 351,  0.86366,  3.48288E-08,  1.43282
1175, 347,  0.95222,  3.84001E-08,  1.39784
1176, 352,  1.54604,  6.23470E-08,  2.9287
1177, 348,  1.72732,  6.96576E-08,  2.86565
1178, 351,  0.86366,  3.48288E-08,  1.43282
1179, 350,  1.72733,  6.96577E-08, -2.86564
1180, 353,  0.86366,  3.48289E-08, -1.43282
1181, 349,  0.95222,  3.84002E-08, -1.39784
1182, 263,  0.00,  0.00,  0.00
1183, 349,  0.95222,  3.84002E-08, -1.39784
1184, 353,  0.86366,  3.48289E-08, -1.43282
1185, 353,  0.86366,  3.48289E-08, -1.43282
1186, 350,  1.72733,  6.96577E-08, -2.86564
1187, 354,  1.54604,  6.23472E-08, -2.9287
1188, 351,  0.86366,  3.48288E-08,  1.43282
1189, 355,  0.77302,  3.11735E-08,  1.46435
1190, 352,  1.54604,  6.23470E-08,  2.9287
1191, 263,  0.00,  0.00,  0.00
1192, 355,  0.77302,  3.11735E-08,  1.46435
1193, 351,  0.86366,  3.48288E-08,  1.43282
1194, 263,  0.00,  0.00,  0.00
1195, 353,  0.86366,  3.48289E-08, -1.43282
1196, 356,  0.77302,  3.11736E-08, -1.46435
1197, 354,  1.54604,  6.23472E-08, -2.9287
1198, 356,  0.77302,  3.11736E-08, -1.46435
1199, 353,  0.86366,  3.48289E-08, -1.43282
1200, 263,  0.00,  0.00,  0.00
1201, 357,  0.68052,  2.74432E-08,  1.49235
1202, 355,  0.77302,  3.11735E-08,  1.46435
1203, 358,  1.36104,  5.48863E-08,  2.98469
1204, 352,  1.54604,  6.23470E-08,  2.9287
1205, 355,  0.77302,  3.11735E-08,  1.46435
1206, 355,  0.77302,  3.11735E-08,  1.46435
1207, 357,  0.68052,  2.74432E-08,  1.49235
1208, 358,  1.36104,  5.48863E-08,  2.98469
1209, 356,  0.77302,  3.11736E-08, -1.46435
1210, 354,  1.54604,  6.23472E-08, -2.9287
1211, 359,  1.36104,  5.48865E-08, -2.98469
1212, 360,  1.17275,  4.72934E-08,  3.0335
1213, 358,  1.36104,  5.48863E-08,  2.98469
1214, 357,  0.68052,  2.74432E-08,  1.49235
1215, 359,  1.36104,  5.48865E-08, -2.98469
1216, 361,  0.68052,  2.74432E-08, -1.49235
1217, 356,  0.77302,  3.11736E-08, -1.46435
1218, 263,  0.00,  0.00,  0.00
1219, 356,  0.77302,  3.11736E-08, -1.46435
1220, 361,  0.68052,  2.74432E-08, -1.49235
1221, 361,  0.68052,  2.74432E-08, -1.49235
1222, 359,  1.36104,  5.48865E-08, -2.98469
1223, 362,  1.17275,  4.72936E-08, -3.0335
1224, 357,  0.68052,  2.74432E-08,  1.49235
1225, 363,  0.58638,  2.36467E-08,  1.51675
1226, 360,  1.17275,  4.72934E-08,  3.0335
1227, 263,  0.00,  0.00,  0.00
1228, 363,  0.58638,  2.36467E-08,  1.51675
1229, 357,  0.68052,  2.74432E-08,  1.49235
1230, 364,  0.98164,  3.95865E-08,  3.075
1231, 360,  1.17275,  4.72934E-08,  3.0335
1232, 363,  0.58638,  2.36467E-08,  1.51675
1233, 362,  1.17275,  4.72936E-08, -3.0335
1234, 365,  0.58638,  2.36468E-08, -1.51675
1235, 361,  0.68052,  2.74432E-08, -1.49235
1236, 263,  0.00,  0.00,  0.00
1237, 361,  0.68052,  2.74432E-08, -1.49235
1238, 365,  0.58638,  2.36468E-08, -1.51675
1239, 365,  0.58638,  2.36468E-08, -1.51675
1240, 362,  1.17275,  4.72936E-08, -3.0335
1241, 366,  0.98164,  3.95867E-08, -3.075
1242, 363,  0.58638,  2.36467E-08,  1.51675
1243, 367,  0.49082,  1.97932E-08,  1.5375
1244, 364,  0.98164,  3.95865E-08,  3.075
1245, 263,  0.00,  0.00,  0.00
1246, 367,  0.49082,  1.97932E-08,  1.5375
1247, 363,  0.58638,  2.36467E-08,  1.51675
1248, 368,  0.78817,  3.17842E-08,  3.10909
1249, 364,  0.98164,  3.95865E-08,  3.075
1250, 367,  0.49082,  1.97932E-08,  1.5375
1251, 366,  0.98164,  3.95867E-08, -3.075
1252, 369,  0.49082,  1.97934E-08, -1.5375
1253, 365,  0.58638,  2.36468E-08, -1.51675
1254, 263,  0.00,  0.00,  0.00
1255, 365,  0.58638,  2.36468E-08, -1.51675
1256, 369,  0.49082,  1.97934E-08, -1.5375
1257, 369,  0.49082,  1.97934E-08, -1.5375
1258, 366,  0.98164,  3.95867E-08, -3.075
1259, 370,  0.78817,  3.17845E-08, -3.10909
1260, 367,  0.49082,  1.97932E-08,  1.5375
1261, 371,  0.39408,  1.58921E-08,  1.55454
1262, 368,  0.78817,  3.17842E-08,  3.10909
1263, 263,  0.00,  0.00,  0.00
1264, 371,  0.39408,  1.58921E-08,  1.55454
1265, 367,  0.49082,  1.97932E-08,  1.5375
1266, 263,  0.00,  0.00,  0.00
1267, 369,  0.49082,  1.97934E-08, -1.5375
1268, 372,  0.39408,  1.58922E-08, -1.55454
1269, 370,  0.78817,  3.17845E-08, -3.10909
1270, 372,  0.39408,  1.58922E-08, -1.55454
1271, 369,  0.49082,  1.97934E-08, -1.5375
1272, 263,  0.00,  0.00,  0.00
1273, 373,  0.2964,  1.19527E-08,  1.56784
1274, 371,  0.39408,  1.58921E-08,  1.55454
1275, 374,  0.59279,  2.39054E-08,  3.13569
1276, 368,  0.78817,  3.17842E-08,  3.10909
1277, 371,  0.39408,  1.58921E-08,  1.55454
1278, 371,  0.39408,  1.58921E-08,  1.55454
1279, 373,  0.2964,  1.19527E-08,  1.56784
1280, 374,  0.59279,  2.39054E-08,  3.13569
1281, 372,  0.39408,  1.58922E-08, -1.55454
1282, 370,  0.78817,  3.17845E-08, -3.10909
1283, 375,  0.5928,  2.39057E-08, -3.13569
1284, 376,  0.39599,  1.59690E-08,  3.15474
1285, 374,  0.59279,  2.39054E-08,  3.13569
1286, 373,  0.2964,  1.19527E-08,  1.56784
1287, 375,  0.5928,  2.39057E-08, -3.13569
1288, 377,  0.2964,  1.19528E-08, -1.56784
1289, 372,  0.39408,  1.58922E-08, -1.55454
1290, 263,  0.00,  0.00,  0.00
1291, 372,  0.39408,  1.58922E-08, -1.55454
1292, 377,  0.2964,  1.19528E-08, -1.56784
1293, 377,  0.2964,  1.19528E-08, -1.56784
1294, 375,  0.5928,  2.39057E-08, -3.13569
1295, 378,  0.396,  1.59693E-08, -3.15473
1296, 373,  0.2964,  1.19527E-08,  1.56784
1297, 379,  0.19799,  7.98451E-09,  1.57737
1298, 376,  0.39599,  1.59690E-08,  3.15474
1299, 263,  0.00,  0.00,  0.00
1300, 379,  0.19799,  7.98451E-09,  1.57737
1301, 373,  0.2964,  1.19527E-08,  1.56784
1302, 380,  0.19823,  7.99414E-09,  3.16618
1303, 376,  0.39599,  1.59690E-08,  3.15474
1304, 379,  0.19799,  7.98451E-09,  1.57737
1305, 378,  0.396,  1.59693E-08, -3.15473
1306, 381,  0.198,  7.98464E-09, -1.57737
1307, 377,  0.2964,  1.19528E-08, -1.56784
1308, 263,  0.00,  0.00,  0.00
1309, 377,  0.2964,  1.19528E-08, -1.56784
1310, 381,  0.198,  7.98464E-09, -1.57737
1311, 381,  0.198,  7.98464E-09, -1.57737
1312, 378,  0.396,  1.59693E-08, -3.15473
1313, 382,  0.19824,  7.99442E-09, -3.16618
1314, 379,  0.19799,  7.98451E-09,  1.57737
1315, 383,  0.09912,  3.99707E-09,  1.58309
1316, 380,  0.19823,  7.99414E-09,  3.16618
1317, 263,  0.00,  0.00,  0.00
1318, 383,  0.09912,  3.99707E-09,  1.58309
1319, 379,  0.19799,  7.98451E-09,  1.57737
1320, 384,  5.16458E-07,  0.00,  3.17
1321, 380,  0.19823,  7.99414E-09,  3.16618
1322, 383,  0.09912,  3.99707E-09,  1.58309
1323, 382,  0.19824,  7.99442E-09, -3.16618
1324, 385,  0.09912,  3.99721E-09, -1.58309
1325, 381,  0.198,  7.98464E-09, -1.57737
1326, 263,  0.00,  0.00,  0.00
1327, 381,  0.198,  7.98464E-09, -1.57737
1328, 385,  0.09912,  3.99721E-09, -1.58309
1329, 385,  0.09912,  3.99721E-09, -1.58309
1330, 382,  0.19824,  7.99442E-09, -3.16618
1331, 386,  6.83604E-06,  2.96504E-13, -3.17
1332, 263,  0.00,  0.00,  0.00
1333, 387,  2.58229E-07,  0.00,  1.585
1334, 383,  0.09912,  3.99707E-09,  1.58309
1335, 383,  0.09912,  3.99707E-09,  1.58309
1336, 387,  2.58229E-07,  0.00,  1.585
1337, 384,  5.16458E-07,  0.00,  3.17
1338, 263,  0.00,  0.00,  0.00
1339, 385,  0.09912,  3.99721E-09, -1.58309
1340, 388,  3.41802E-06,  1.48252E-13, -1.585
1341, 386,  6.83604E-06,  2.96504E-13, -3.17
1342, 388,  3.41802E-06,  1.48252E-13, -1.585
1343, 385,  0.09912,  3.99721E-09, -1.58309
1344, 263,  0.00,  0.00,  0.00
1345, 389, -0.09911, -3.99683E-09,  1.58309
1346, 387,  2.58229E-07,  0.00,  1.585
1347, 384,  5.16458E-07,  0.00,  3.17
1348, 387,  2.58229E-07,  0.00,  1.585
1349, 389, -0.09911, -3.99683E-09,  1.58309
1350, 390, -0.19822, -7.99367E-09,  3.16618
1351, 384,  5.16458E-07,  0.00,  3.17
1352, 389, -0.09911, -3.99683E-09,  1.58309
1353, 391, -0.09911, -3.99691E-09, -1.58309
1354, 388,  3.41802E-06,  1.48252E-13, -1.585
1355, 386,  6.83604E-06,  2.96504E-13, -3.17
1356, 263,  0.00,  0.00,  0.00
1357, 388,  3.41802E-06,  1.48252E-13, -1.585
1358, 391, -0.09911, -3.99691E-09, -1.58309
1359, 386,  6.83604E-06,  2.96504E-13, -3.17
1360, 392, -0.19823, -7.99383E-09, -3.16618
1361, 391, -0.09911, -3.99691E-09, -1.58309
1362, 393, -0.19799, -7.98429E-09,  1.57737
1363, 390, -0.19822, -7.99367E-09,  3.16618
1364, 389, -0.09911, -3.99683E-09,  1.58309
1365, 263,  0.00,  0.00,  0.00
1366, 393, -0.19799, -7.98429E-09,  1.57737
1367, 389, -0.09911, -3.99683E-09,  1.58309
1368, 394, -0.39598, -1.59686E-08,  3.15474
1369, 390, -0.19822, -7.99367E-09,  3.16618
1370, 393, -0.19799, -7.98429E-09,  1.57737
1371, 395, -0.19799, -7.98435E-09, -1.57737
1372, 391, -0.09911, -3.99691E-09, -1.58309
1373, 392, -0.19823, -7.99383E-09, -3.16618
1374, 263,  0.00,  0.00,  0.00
1375, 391, -0.09911, -3.99691E-09, -1.58309
1376, 395, -0.19799, -7.98435E-09, -1.57737
1377, 392, -0.19823, -7.99383E-09, -3.16618
1378, 396, -0.39598, -1.59687E-08, -3.15474
1379, 395, -0.19799, -7.98435E-09, -1.57737
1380, 393, -0.19799, -7.98429E-09,  1.57737
1381, 397, -0.29639, -1.19525E-08,  1.56785
1382, 394, -0.39598, -1.59686E-08,  3.15474
1383, 263,  0.00,  0.00,  0.00
1384, 397, -0.29639, -1.19525E-08,  1.56785
1385, 393, -0.19799, -7.98429E-09,  1.57737
1386, 398, -0.59278, -2.39050E-08,  3.13569
1387, 394, -0.39598, -1.59686E-08,  3.15474
1388, 397, -0.29639, -1.19525E-08,  1.56785
1389, 399, -0.29639, -1.19525E-08, -1.56784
1390, 395, -0.19799, -7.98435E-09, -1.57737
1391, 396, -0.39598, -1.59687E-08, -3.15474
1392, 263,  0.00,  0.00,  0.00
1393, 395, -0.19799, -7.98435E-09, -1.57737
1394, 399, -0.29639, -1.19525E-08, -1.56784
1395, 396, -0.39598, -1.59687E-08, -3.15474
1396, 400, -0.59278, -2.39051E-08, -3.13569
1397, 399, -0.29639, -1.19525E-08, -1.56784
1398, 397, -0.29639, -1.19525E-08,  1.56785
1399, 401, -0.39408, -1.58919E-08,  1.55455
1400, 398, -0.59278, -2.39050E-08,  3.13569
1401, 263,  0.00,  0.00,  0.00
1402, 401, -0.39408, -1.58919E-08,  1.55455
1403, 397, -0.29639, -1.19525E-08,  1.56785
1404, 263,  0.00,  0.00,  0.00
1405, 399, -0.29639, -1.19525E-08, -1.56784
1406, 402, -0.39408, -1.58919E-08, -1.55455
1407, 402, -0.39408, -1.58919E-08, -1.55455
1408, 399, -0.29639, -1.19525E-08, -1.56784
1409, 400, -0.59278, -2.39051E-08, -3.13569
1410, 263,  0.00,  0.00,  0.00
1411, 403, -0.49082, -1.97931E-08,  1.5375
1412, 401, -0.39408, -1.58919E-08,  1.55455
1413, 404, -0.78815, -3.17839E-08,  3.10909
1414, 398, -0.59278, -2.39050E-08,  3.13569
1415, 401, -0.39408, -1.58919E-08,  1.55455
1416, 401, -0.39408, -1.58919E-08,  1.55455
1417, 403, -0.49082, -1.97931E-08,  1.5375
1418, 404, -0.78815, -3.17839E-08,  3.10909
1419, 400, -0.59278, -2.39051E-08, -3.13569
1420, 405, -0.78816, -3.17839E-08, -3.10909
1421, 402, -0.39408, -1.58919E-08, -1.55455
1422, 406, -0.98163, -3.95861E-08,  3.075
1423, 404, -0.78815, -3.17839E-08,  3.10909
1424, 403, -0.49082, -1.97931E-08,  1.5375
1425, 407, -0.49082, -1.97931E-08, -1.5375
1426, 402, -0.39408, -1.58919E-08, -1.55455
1427, 405, -0.78816, -3.17839E-08, -3.10909
1428, 263,  0.00,  0.00,  0.00
1429, 402, -0.39408, -1.58919E-08, -1.55455
1430, 407, -0.49082, -1.97931E-08, -1.5375
1431, 405, -0.78816, -3.17839E-08, -3.10909
1432, 408, -0.98163, -3.95861E-08, -3.075
1433, 407, -0.49082, -1.97931E-08, -1.5375
1434, 403, -0.49082, -1.97931E-08,  1.5375
1435, 409, -0.58637, -2.36465E-08,  1.51675
1436, 406, -0.98163, -3.95861E-08,  3.075
1437, 263,  0.00,  0.00,  0.00
1438, 409, -0.58637, -2.36465E-08,  1.51675
1439, 403, -0.49082, -1.97931E-08,  1.5375
1440, 410, -1.17274, -4.72930E-08,  3.0335
1441, 406, -0.98163, -3.95861E-08,  3.075
1442, 409, -0.58637, -2.36465E-08,  1.51675
1443, 411, -0.58637, -2.36465E-08, -1.51675
1444, 407, -0.49082, -1.97931E-08, -1.5375
1445, 408, -0.98163, -3.95861E-08, -3.075
1446, 263,  0.00,  0.00,  0.00
1447, 407, -0.49082, -1.97931E-08, -1.5375
1448, 411, -0.58637, -2.36465E-08, -1.51675
1449, 408, -0.98163, -3.95861E-08, -3.075
1450, 412, -1.17274, -4.72930E-08, -3.0335
1451, 411, -0.58637, -2.36465E-08, -1.51675
1452, 409, -0.58637, -2.36465E-08,  1.51675
1453, 413, -0.68051, -2.74430E-08,  1.49235
1454, 410, -1.17274, -4.72930E-08,  3.0335
1455, 263,  0.00,  0.00,  0.00
1456, 413, -0.68051, -2.74430E-08,  1.49235
1457, 409, -0.58637, -2.36465E-08,  1.51675
1458, 414, -1.36103, -5.48860E-08,  2.9847
1459, 410, -1.17274, -4.72930E-08,  3.0335
1460, 413, -0.68051, -2.74430E-08,  1.49235
1461, 415, -0.68051, -2.74430E-08, -1.49235
1462, 411, -0.58637, -2.36465E-08, -1.51675
1463, 412, -1.17274, -4.72930E-08, -3.0335
1464, 263,  0.00,  0.00,  0.00
1465, 411, -0.58637, -2.36465E-08, -1.51675
1466, 415, -0.68051, -2.74430E-08, -1.49235
1467, 412, -1.17274, -4.72930E-08, -3.0335
1468, 416, -1.36103, -5.48859E-08, -2.9847
1469, 415, -0.68051, -2.74430E-08, -1.49235
1470, 413, -0.68051, -2.74430E-08,  1.49235
1471, 417, -0.77302, -3.11734E-08,  1.46435
1472, 414, -1.36103, -5.48860E-08,  2.9847
1473, 263,  0.00,  0.00,  0.00
1474, 417, -0.77302, -3.11734E-08,  1.46435
1475, 413, -0.68051, -2.74430E-08,  1.49235
1476, 263,  0.00,  0.00,  0.00
1477, 415, -0.68051, -2.74430E-08, -1.49235
1478, 418, -0.77302, -3.11733E-08, -1.46435
1479, 418, -0.77302, -3.11733E-08, -1.46435
1480, 415, -0.68051, -2.74430E-08, -1.49235
1481, 416, -1.36103, -5.48859E-08, -2.9847
1482, 263,  0.00,  0.00,  0.00
1483, 419, -0.86366, -3.48287E-08,  1.43282
1484, 417, -0.77302, -3.11734E-08,  1.46435
1485, 420, -1.54603, -6.23468E-08,  2.9287
1486, 414, -1.36103, -5.48860E-08,  2.9847
1487, 417, -0.77302, -3.11734E-08,  1.46435
1488, 417, -0.77302, -3.11734E-08,  1.46435
1489, 419, -0.86366, -3.48287E-08,  1.43282
1490, 420, -1.54603, -6.23468E-08,  2.9287
1491, 416, -1.36103, -5.48859E-08, -2.9847
1492, 421, -1.54603, -6.23467E-08, -2.9287
1493, 418, -0.77302, -3.11733E-08, -1.46435
1494, 422, -1.72732, -6.96573E-08,  2.86565
1495, 420, -1.54603, -6.23468E-08,  2.9287
1496, 419, -0.86366, -3.48287E-08,  1.43282
1497, 423, -0.86366, -3.48286E-08, -1.43282
1498, 418, -0.77302, -3.11733E-08, -1.46435
1499, 421, -1.54603, -6.23467E-08, -2.9287
1500, 263,  0.00,  0.00,  0.00
1501, 418, -0.77302, -3.11733E-08, -1.46435
1502, 423, -0.86366, -3.48286E-08, -1.43282
1503, 421, -1.54603, -6.23467E-08, -2.9287
1504, 424, -1.72731, -6.96572E-08, -2.86565
1505, 423, -0.86366, -3.48286E-08, -1.43282
1506, 419, -0.86366, -3.48287E-08,  1.43282
1507, 425, -0.95222, -3.84000E-08,  1.39785
1508, 422, -1.72732, -6.96573E-08,  2.86565
1509, 263,  0.00,  0.00,  0.00
1510, 425, -0.95222, -3.84000E-08,  1.39785
1511, 419, -0.86366, -3.48287E-08,  1.43282
1512, 426, -1.90444, -7.68000E-08,  2.79569
1513, 422, -1.72732, -6.96573E-08,  2.86565
1514, 425, -0.95222, -3.84000E-08,  1.39785
1515, 427, -0.95222, -3.83999E-08, -1.39785
1516, 423, -0.86366, -3.48286E-08, -1.43282
1517, 424, -1.72731, -6.96572E-08, -2.86565
1518, 263,  0.00,  0.00,  0.00
1519, 423, -0.86366, -3.48286E-08, -1.43282
1520, 427, -0.95222, -3.83999E-08, -1.39785
1521, 424, -1.72731, -6.96572E-08, -2.86565
1522, 428, -1.90443, -7.67999E-08, -2.79569
1523, 427, -0.95222, -3.83999E-08, -1.39785
1524, 425, -0.95222, -3.84000E-08,  1.39785
1525, 429, -1.03848, -4.18789E-08,  1.3595
1526, 426, -1.90444, -7.68000E-08,  2.79569
1527, 263,  0.00,  0.00,  0.00
1528, 429, -1.03848, -4.18789E-08,  1.3595
1529, 425, -0.95222, -3.84000E-08,  1.39785
1530, 430, -2.07697, -8.37578E-08,  2.719
1531, 426, -1.90444, -7.68000E-08,  2.79569
1532, 429, -1.03848, -4.18789E-08,  1.3595
1533, 431, -1.03848, -4.18788E-08, -1.3595
1534, 427, -0.95222, -3.83999E-08, -1.39785
1535, 428, -1.90443, -7.67999E-08, -2.79569
1536, 263,  0.00,  0.00,  0.00
1537, 427, -0.95222, -3.83999E-08, -1.39785
1538, 431, -1.03848, -4.18788E-08, -1.3595
1539, 428, -1.90443, -7.67999E-08, -2.79569
1540, 432, -2.07697, -8.37576E-08, -2.719
1541, 431, -1.03848, -4.18788E-08, -1.3595
1542, 429, -1.03848, -4.18789E-08,  1.3595
1543, 433, -1.12225, -4.52569E-08,  1.31788
1544, 430, -2.07697, -8.37578E-08,  2.719
1545, 263,  0.00,  0.00,  0.00
1546, 433, -1.12225, -4.52569E-08,  1.31788
1547, 429, -1.03848, -4.18789E-08,  1.3595
1548, 263,  0.00,  0.00,  0.00
1549, 431, -1.03848, -4.18788E-08, -1.3595
1550, 434, -1.12225, -4.52567E-08, -1.31788
1551, 434, -1.12225, -4.52567E-08, -1.31788
1552, 431, -1.03848, -4.18788E-08, -1.3595
1553, 432, -2.07697, -8.37576E-08, -2.719
1554, 263,  0.00,  0.00,  0.00
1555, 435, -1.20331, -4.85258E-08,  1.27309
1556, 433, -1.12225, -4.52569E-08,  1.31788
1557, 436, -2.2445, -9.05137E-08,  2.63576
1558, 430, -2.07697, -8.37578E-08,  2.719
1559, 433, -1.12225, -4.52569E-08,  1.31788
1560, 433, -1.12225, -4.52569E-08,  1.31788
1561, 435, -1.20331, -4.85258E-08,  1.27309
1562, 436, -2.2445, -9.05137E-08,  2.63576
1563, 432, -2.07697, -8.37576E-08, -2.719
1564, 437, -2.24449, -9.05135E-08, -2.63576
1565, 434, -1.12225, -4.52567E-08, -1.31788
1566, 438, -2.40662, -9.70516E-08,  2.54617
1567, 436, -2.2445, -9.05137E-08,  2.63576
1568, 435, -1.20331, -4.85258E-08,  1.27309
1569, 439, -1.20331, -4.85257E-08, -1.27309
1570, 434, -1.12225, -4.52567E-08, -1.31788
1571, 437, -2.24449, -9.05135E-08, -2.63576
1572, 263,  0.00,  0.00,  0.00
1573, 434, -1.12225, -4.52567E-08, -1.31788
1574, 439, -1.20331, -4.85257E-08, -1.27309
1575, 437, -2.24449, -9.05135E-08, -2.63576
1576, 440, -2.40662, -9.70513E-08, -2.54617
1577, 439, -1.20331, -4.85257E-08, -1.27309
1578, 435, -1.20331, -4.85258E-08,  1.27309
1579, 441, -1.28147, -5.16778E-08,  1.22522
1580, 438, -2.40662, -9.70516E-08,  2.54617
1581, 263,  0.00,  0.00,  0.00
1582, 441, -1.28147, -5.16778E-08,  1.22522
1583, 435, -1.20331, -4.85258E-08,  1.27309
1584, 442, -2.56295, -1.03356E-07,  2.45045
1585, 438, -2.40662, -9.70516E-08,  2.54617
1586, 441, -1.28147, -5.16778E-08,  1.22522
1587, 443, -1.28147, -5.16777E-08, -1.22522
1588, 439, -1.20331, -4.85257E-08, -1.27309
1589, 440, -2.40662, -9.70513E-08, -2.54617
1590, 263,  0.00,  0.00,  0.00
1591, 439, -1.20331, -4.85257E-08, -1.27309
1592, 443, -1.28147, -5.16777E-08, -1.22522
1593, 440, -2.40662, -9.70513E-08, -2.54617
1594, 444, -2.56294, -1.03355E-07, -2.45045
1595, 443, -1.28147, -5.16777E-08, -1.22522
1596, 441, -1.28147, -5.16778E-08,  1.22522
1597, 445, -1.35655, -5.47054E-08,  1.17441
1598, 442, -2.56295, -1.03356E-07,  2.45045
1599, 263,  0.00,  0.00,  0.00
1600, 445, -1.35655, -5.47054E-08,  1.17441
1601, 441, -1.28147, -5.16778E-08,  1.22522
1602, 446, -2.71309, -1.09411E-07,  2.34882
1603, 442, -2.56295, -1.03356E-07,  2.45045
1604, 445, -1.35655, -5.47054E-08,  1.17441
1605, 447, -1.35654, -5.47052E-08, -1.17441
1606, 443, -1.28147, -5.16777E-08, -1.22522
1607, 444, -2.56294, -1.03355E-07, -2.45045
1608, 263,  0.00,  0.00,  0.00
1609, 443, -1.28147, -5.16777E-08, -1.22522
1610, 447, -1.35654, -5.47052E-08, -1.17441
1611, 444, -2.56294, -1.03355E-07, -2.45045
1612, 448, -2.71309, -1.09410E-07, -2.34882
1613, 447, -1.35654, -5.47052E-08, -1.17441
1614, 445, -1.35655, -5.47054E-08,  1.17441
1615, 449, -1.42835, -5.76011E-08,  1.12077
1616, 446, -2.71309, -1.09411E-07,  2.34882
1617, 263,  0.00,  0.00,  0.00
1618, 449, -1.42835, -5.76011E-08,  1.12077
1619, 445, -1.35655, -5.47054E-08,  1.17441
1620, 263,  0.00,  0.00,  0.00
1621, 447, -1.35654, -5.47052E-08, -1.17441
1622, 450, -1.42835, -5.76010E-08, -1.12077
1623, 450, -1.42835, -5.76010E-08, -1.12077
1624, 447, -1.35654, -5.47052E-08, -1.17441
1625, 448, -2.71309, -1.09410E-07, -2.34882
1626, 263,  0.00,  0.00,  0.00
1627, 451, -1.49672, -6.03581E-08,  1.06442
1628, 449, -1.42835, -5.76011E-08,  1.12077
1629, 452, -2.85671, -1.15202E-07,  2.24153
1630, 446, -2.71309, -1.09411E-07,  2.34882
1631, 449, -1.42835, -5.76011E-08,  1.12077
1632, 449, -1.42835, -5.76011E-08,  1.12077
1633, 451, -1.49672, -6.03581E-08,  1.06442
1634, 452, -2.85671, -1.15202E-07,  2.24153
1635, 448, -2.71309, -1.09410E-07, -2.34882
1636, 453, -2.8567, -1.15202E-07, -2.24154
1637, 450, -1.42835, -5.76010E-08, -1.12077
1638, 454, -2.99344, -1.20716E-07,  2.12884
1639, 452, -2.85671, -1.15202E-07,  2.24153
1640, 451, -1.49672, -6.03581E-08,  1.06442
1641, 455, -1.49672, -6.03579E-08, -1.06442
1642, 450, -1.42835, -5.76010E-08, -1.12077
1643, 453, -2.8567, -1.15202E-07, -2.24154
1644, 263,  0.00,  0.00,  0.00
1645, 450, -1.42835, -5.76010E-08, -1.12077
1646, 455, -1.49672, -6.03579E-08, -1.06442
1647, 453, -2.8567, -1.15202E-07, -2.24154
1648, 456, -2.99343, -1.20716E-07, -2.12885
1649, 455, -1.49672, -6.03579E-08, -1.06442
1650, 451, -1.49672, -6.03581E-08,  1.06442
1651, 457, -1.56148, -6.29697E-08,  1.00551
1652, 454, -2.99344, -1.20716E-07,  2.12884
1653, 263,  0.00,  0.00,  0.00
1654, 457, -1.56148, -6.29697E-08,  1.00551
1655, 451, -1.49672, -6.03581E-08,  1.06442
1656, 458, -3.12296, -1.25939E-07,  2.01103
1657, 454, -2.99344, -1.20716E-07,  2.12884
1658, 457, -1.56148, -6.29697E-08,  1.00551
1659, 459, -1.56148, -6.29695E-08, -1.00552
1660, 455, -1.49672, -6.03579E-08, -1.06442
1661, 456, -2.99343, -1.20716E-07, -2.12885
1662, 263,  0.00,  0.00,  0.00
1663, 455, -1.49672, -6.03579E-08, -1.06442
1664, 459, -1.56148, -6.29695E-08, -1.00552
1665, 456, -2.99343, -1.20716E-07, -2.12885
1666, 460, -3.12295, -1.25939E-07, -2.01103
1667, 459, -1.56148, -6.29695E-08, -1.00552
1668, 457, -1.56148, -6.29697E-08,  1.00551
1669, 461, -1.62248, -6.54295E-08,  0.94418
1670, 458, -3.12296, -1.25939E-07,  2.01103
1671, 263,  0.00,  0.00,  0.00
1672, 461, -1.62248, -6.54295E-08,  0.94418
1673, 457, -1.56148, -6.29697E-08,  1.00551
1674, 461, -1.62248, -6.54295E-08,  0.94418
1675, 462, -3.24496, -1.30859E-07,  1.88837
1676, 458, -3.12296, -1.25939E-07,  2.01103
1677, 463, -1.62248, -6.54294E-08, -0.94419
1678, 459, -1.56148, -6.29695E-08, -1.00552
1679, 460, -3.12295, -1.25939E-07, -2.01103
1680, 263,  0.00,  0.00,  0.00
1681, 459, -1.56148, -6.29695E-08, -1.00552
1682, 463, -1.62248, -6.54294E-08, -0.94419
1683, 460, -3.12295, -1.25939E-07, -2.01103
1684, 464, -3.24495, -1.30859E-07, -1.88837
1685, 463, -1.62248, -6.54294E-08, -0.94419
1686, 263,  0.00,  0.00,  0.00
1687, 465, -1.67957, -6.77318E-08,  0.88058
1688, 461, -1.62248, -6.54295E-08,  0.94418
1689, 461, -1.62248, -6.54295E-08,  0.94418
1690, 465, -1.67957, -6.77318E-08,  0.88058
1691, 462, -3.24496, -1.30859E-07,  1.88837
1692, 263,  0.00,  0.00,  0.00
1693, 463, -1.62248, -6.54294E-08, -0.94419
1694, 466, -1.67957, -6.77317E-08, -0.88058
1695, 466, -1.67957, -6.77317E-08, -0.88058
1696, 463, -1.62248, -6.54294E-08, -0.94419
1697, 464, -3.24495, -1.30859E-07, -1.88837
1698, 263,  0.00,  0.00,  0.00
1699, 467, -1.73261, -6.98709E-08,  0.81485
1700, 465, -1.67957, -6.77318E-08,  0.88058
1701, 465, -1.67957, -6.77318E-08,  0.88058
1702, 468, -3.35914, -1.35464E-07,  1.76116
1703, 462, -3.24496, -1.30859E-07,  1.88837
1704, 465, -1.67957, -6.77318E-08,  0.88058
1705, 467, -1.73261, -6.98709E-08,  0.81485
1706, 468, -3.35914, -1.35464E-07,  1.76116
1707, 464, -3.24495, -1.30859E-07, -1.88837
1708, 469, -3.35913, -1.35463E-07, -1.76117
1709, 466, -1.67957, -6.77317E-08, -0.88058
1710, 467, -1.73261, -6.98709E-08,  0.81485
1711, 470, -3.46522, -1.39742E-07,  1.62971
1712, 468, -3.35914, -1.35464E-07,  1.76116
1713, 471, -1.73261, -6.98707E-08, -0.81486
1714, 466, -1.67957, -6.77317E-08, -0.88058
1715, 469, -3.35913, -1.35463E-07, -1.76117
1716, 263,  0.00,  0.00,  0.00
1717, 466, -1.67957, -6.77317E-08, -0.88058
1718, 471, -1.73261, -6.98707E-08, -0.81486
1719, 469, -3.35913, -1.35463E-07, -1.76117
1720, 472, -3.46522, -1.39741E-07, -1.62971
1721, 471, -1.73261, -6.98707E-08, -0.81486
1722, 467, -1.73261, -6.98709E-08,  0.81485
1723, 473, -1.78148, -7.18416E-08,  0.74716
1724, 470, -3.46522, -1.39742E-07,  1.62971
1725, 263,  0.00,  0.00,  0.00
1726, 473, -1.78148, -7.18416E-08,  0.74716
1727, 467, -1.73261, -6.98709E-08,  0.81485
1728, 473, -1.78148, -7.18416E-08,  0.74716
1729, 474, -3.56296, -1.43683E-07,  1.49433
1730, 470, -3.46522, -1.39742E-07,  1.62971
1731, 475, -1.78148, -7.18415E-08, -0.74717
1732, 471, -1.73261, -6.98707E-08, -0.81486
1733, 472, -3.46522, -1.39741E-07, -1.62971
1734, 263,  0.00,  0.00,  0.00
1735, 471, -1.73261, -6.98707E-08, -0.81486
1736, 475, -1.78148, -7.18415E-08, -0.74717
1737, 472, -3.46522, -1.39741E-07, -1.62971
1738, 476, -3.56296, -1.43683E-07, -1.49433
1739, 475, -1.78148, -7.18415E-08, -0.74717
1740, 473, -1.78148, -7.18416E-08,  0.74716
1741, 477, -1.82606, -7.36393E-08,  0.67767
1742, 474, -3.56296, -1.43683E-07,  1.49433
1743, 263,  0.00,  0.00,  0.00
1744, 477, -1.82606, -7.36393E-08,  0.67767
1745, 473, -1.78148, -7.18416E-08,  0.74716
1746, 477, -1.82606, -7.36393E-08,  0.67767
1747, 478, -3.65212, -1.47279E-07,  1.35535
1748, 474, -3.56296, -1.43683E-07,  1.49433
1749, 479, -1.82606, -7.36392E-08, -0.67768
1750, 475, -1.78148, -7.18415E-08, -0.74717
1751, 476, -3.56296, -1.43683E-07, -1.49433
1752, 263,  0.00,  0.00,  0.00
1753, 475, -1.78148, -7.18415E-08, -0.74717
1754, 479, -1.82606, -7.36392E-08, -0.67768
1755, 476, -3.56296, -1.43683E-07, -1.49433
1756, 480, -3.65211, -1.47278E-07, -1.35536
1757, 479, -1.82606, -7.36392E-08, -0.67768
1758, 263,  0.00,  0.00,  0.00
1759, 481, -1.86624, -7.52595E-08,  0.60655
1760, 477, -1.82606, -7.36393E-08,  0.67767
1761, 477, -1.82606, -7.36393E-08,  0.67767
1762, 481, -1.86624, -7.52595E-08,  0.60655
1763, 478, -3.65212, -1.47279E-07,  1.35535
1764, 263,  0.00,  0.00,  0.00
1765, 479, -1.82606, -7.36392E-08, -0.67768
1766, 482, -1.86623, -7.52595E-08, -0.60656
1767, 482, -1.86623, -7.52595E-08, -0.60656
1768, 479, -1.82606, -7.36392E-08, -0.67768
1769, 480, -3.65211, -1.47278E-07, -1.35536
1770, 263,  0.00,  0.00,  0.00
1771, 483, -1.90192, -7.66985E-08,  0.53397
1772, 481, -1.86624, -7.52595E-08,  0.60655
1773, 481, -1.86624, -7.52595E-08,  0.60655
1774, 484, -3.73247, -1.50519E-07,  1.21311
1775, 478, -3.65212, -1.47279E-07,  1.35535
1776, 484, -3.73247, -1.50519E-07,  1.21311
1777, 481, -1.86624, -7.52595E-08,  0.60655
1778, 483, -1.90192, -7.66985E-08,  0.53397
1779, 480, -3.65211, -1.47278E-07, -1.35536
1780, 485, -3.73247, -1.50519E-07, -1.21311
1781, 482, -1.86623, -7.52595E-08, -0.60656
1782, 483, -1.90192, -7.66985E-08,  0.53397
1783, 486, -3.80384, -1.53397E-07,  1.06794
1784, 484, -3.73247, -1.50519E-07,  1.21311
1785, 487, -1.90192, -7.66984E-08, -0.53397
1786, 482, -1.86623, -7.52595E-08, -0.60656
1787, 485, -3.73247, -1.50519E-07, -1.21311
1788, 263,  0.00,  0.00,  0.00
1789, 482, -1.86623, -7.52595E-08, -0.60656
1790, 487, -1.90192, -7.66984E-08, -0.53397
1791, 485, -3.73247, -1.50519E-07, -1.21311
1792, 488, -3.80384, -1.53397E-07, -1.06795
1793, 487, -1.90192, -7.66984E-08, -0.53397
1794, 486, -3.80384, -1.53397E-07,  1.06794
1795, 483, -1.90192, -7.66985E-08,  0.53397
1796, 489, -1.93302, -7.79527E-08,  0.4601
1797, 263,  0.00,  0.00,  0.00
1798, 489, -1.93302, -7.79527E-08,  0.4601
1799, 483, -1.90192, -7.66985E-08,  0.53397
1800, 489, -1.93302, -7.79527E-08,  0.4601
1801, 490, -3.86604, -1.55905E-07,  0.9202
1802, 486, -3.80384, -1.53397E-07,  1.06794
1803, 491, -1.93302, -7.79526E-08, -0.4601
1804, 487, -1.90192, -7.66984E-08, -0.53397
1805, 488, -3.80384, -1.53397E-07, -1.06795
1806, 263,  0.00,  0.00,  0.00
1807, 487, -1.90192, -7.66984E-08, -0.53397
1808, 491, -1.93302, -7.79526E-08, -0.4601
1809, 488, -3.80384, -1.53397E-07, -1.06795
1810, 492, -3.86604, -1.55905E-07, -0.92021
1811, 491, -1.93302, -7.79526E-08, -0.4601
1812, 490, -3.86604, -1.55905E-07,  0.9202
1813, 489, -1.93302, -7.79527E-08,  0.4601
1814, 493, -1.95946, -7.90191E-08,  0.38512
1815, 263,  0.00,  0.00,  0.00
1816, 493, -1.95946, -7.90191E-08,  0.38512
1817, 489, -1.93302, -7.79527E-08,  0.4601
1818, 493, -1.95946, -7.90191E-08,  0.38512
1819, 494, -3.91893, -1.58038E-07,  0.77025
1820, 490, -3.86604, -1.55905E-07,  0.9202
1821, 495, -1.95946, -7.90190E-08, -0.38513
1822, 491, -1.93302, -7.79526E-08, -0.4601
1823, 492, -3.86604, -1.55905E-07, -0.92021
1824, 263,  0.00,  0.00,  0.00
1825, 491, -1.93302, -7.79526E-08, -0.4601
1826, 495, -1.95946, -7.90190E-08, -0.38513
1827, 492, -3.86604, -1.55905E-07, -0.92021
1828, 496, -3.91892, -1.58038E-07, -0.77025
1829, 495, -1.95946, -7.90190E-08, -0.38513
1830, 263,  0.00,  0.00,  0.00
1831, 497, -1.98119, -7.98951E-08,  0.30922
1832, 493, -1.95946, -7.90191E-08,  0.38512
1833, 494, -3.91893, -1.58038E-07,  0.77025
1834, 493, -1.95946, -7.90191E-08,  0.38512
1835, 497, -1.98119, -7.98951E-08,  0.30922
1836, 263,  0.00,  0.00,  0.00
1837, 495, -1.95946, -7.90190E-08, -0.38513
1838, 498, -1.98119, -7.98951E-08, -0.30922
1839, 498, -1.98119, -7.98951E-08, -0.30922
1840, 495, -1.95946, -7.90190E-08, -0.38513
1841, 496, -3.91892, -1.58038E-07, -0.77025
1842, 263,  0.00,  0.00,  0.00
1843, 499, -1.99814, -8.05787E-08,  0.23257
1844, 497, -1.98119, -7.98951E-08,  0.30922
1845, 497, -1.98119, -7.98951E-08,  0.30922
1846, 500, -3.96237, -1.59790E-07,  0.61843
1847, 494, -3.91893, -1.58038E-07,  0.77025
1848, 500, -3.96237, -1.59790E-07,  0.61843
1849, 497, -1.98119, -7.98951E-08,  0.30922
1850, 499, -1.99814, -8.05787E-08,  0.23257
1851, 496, -3.91892, -1.58038E-07, -0.77025
1852, 501, -3.96237, -1.59790E-07, -0.61844
1853, 498, -1.98119, -7.98951E-08, -0.30922
1854, 499, -1.99814, -8.05787E-08,  0.23257
1855, 502, -3.99627, -1.61157E-07,  0.46513
1856, 500, -3.96237, -1.59790E-07,  0.61843
1857, 503, -1.99814, -8.05786E-08, -0.23257
1858, 498, -1.98119, -7.98951E-08, -0.30922
1859, 501, -3.96237, -1.59790E-07, -0.61844
1860, 263,  0.00,  0.00,  0.00
1861, 498, -1.98119, -7.98951E-08, -0.30922
1862, 503, -1.99814, -8.05786E-08, -0.23257
1863, 501, -3.96237, -1.59790E-07, -0.61844
1864, 504, -3.99627, -1.61157E-07, -0.46514
1865, 503, -1.99814, -8.05786E-08, -0.23257
1866, 502, -3.99627, -1.61157E-07,  0.46513
1867, 499, -1.99814, -8.05787E-08,  0.23257
1868, 505, -2.01027, -8.10681E-08,  0.15536
1869, 263,  0.00,  0.00,  0.00
1870, 505, -2.01027, -8.10681E-08,  0.15536
1871, 499, -1.99814, -8.05787E-08,  0.23257
1872, 505, -2.01027, -8.10681E-08,  0.15536
1873, 506, -4.02055, -1.62136E-07,  0.31071
1874, 502, -3.99627, -1.61157E-07,  0.46513
1875, 507, -2.01027, -8.10681E-08, -0.15536
1876, 503, -1.99814, -8.05786E-08, -0.23257
1877, 504, -3.99627, -1.61157E-07, -0.46514
1878, 263,  0.00,  0.00,  0.00
1879, 503, -1.99814, -8.05786E-08, -0.23257
1880, 507, -2.01027, -8.10681E-08, -0.15536
1881, 504, -3.99627, -1.61157E-07, -0.46514
1882, 508, -4.02055, -1.62136E-07, -0.31072
1883, 507, -2.01027, -8.10681E-08, -0.15536
1884, 506, -4.02055, -1.62136E-07,  0.31071
1885, 505, -2.01027, -8.10681E-08,  0.15536
1886, 509, -2.01757, -8.13622E-08,  0.07777
1887, 263,  0.00,  0.00,  0.00
1888, 509, -2.01757, -8.13622E-08,  0.07777
1889, 505, -2.01027, -8.10681E-08,  0.15536
1890, 509, -2.01757, -8.13622E-08,  0.07777
1891, 510, -4.03513, -1.62724E-07,  0.15554
1892, 506, -4.02055, -1.62136E-07,  0.31071
1893, 511, -2.01757, -8.13622E-08, -0.07777
1894, 507, -2.01027, -8.10681E-08, -0.15536
1895, 508, -4.02055, -1.62136E-07, -0.31072
1896, 263,  0.00,  0.00,  0.00
1897, 507, -2.01027, -8.10681E-08, -0.15536
1898, 511, -2.01757, -8.13622E-08, -0.07777
1899, 508, -4.02055, -1.62136E-07, -0.31072
1900, 512, -4.03513, -1.62724E-07, -0.15555
1901, 511, -2.01757, -8.13622E-08, -0.07777
1902, 263,  0.00,  0.00,  0.00
1903, 513, -2.02, -8.14603E-08, -1.91936E-06
1904, 509, -2.01757, -8.13622E-08,  0.07777
1905, 510, -4.03513, -1.62724E-07,  0.15554
1906, 509, -2.01757, -8.13622E-08,  0.07777
1907, 513, -2.02, -8.14603E-08, -1.91936E-06
1908, 263,  0.00,  0.00,  0.00
1909, 511, -2.01757, -8.13622E-08, -0.07777
1910, 513, -2.02, -8.14603E-08, -1.91936E-06
1911, 513, -2.02, -8.14603E-08, -1.91936E-06
1912, 511, -2.01757, -8.13622E-08, -0.07777
1913, 512, -4.03513, -1.62724E-07, -0.15555
1914, 513, -2.02, -8.14603E-08, -1.91936E-06
1915, 514, -4.04, -1.62921E-07, -3.83872E-06
1916, 510, -4.03513, -1.62724E-07,  0.15554
1917, 512, -4.03513, -1.62724E-07, -0.15555
1918, 514, -4.04, -1.62921E-07, -3.83872E-06
1919, 513, -2.02, -8.14603E-08, -1.91936E-06
