VTX, IDX, in_POSITION0.x, in_POSITION0.y, in_POSITION0.z, in_NORMAL0.x, in_NORMAL0.y, in_NORMAL0.z, in_NORMAL0.w, in_COLOR0.x, in_COLOR0.y, in_COLOR0.z, in_COLOR0.w, in_TEXCOORD0.x, in_TEXCOORD0.y, in_TEXCOORD1.x, in_TEXCOORD1.y, in_TEXCOORD2.x, in_TEXCOORD2.y, in_BLENDWEIGHTS0.x, in_BLENDWEIGHTS0.y, in_BLENDWEIGHTS0.z, in_BLENDWEIGHTS0.w, in_BLENDINDICES0.x, in_BLENDINDICES0.y, in_BLENDINDICES0.z, in_BLENDINDICES0.w
0, 0,  0.18816,  1.41022,  0.08144,  0.66211, -0.09161, -0.74365,  0.00,  1.00,  1.00,  1.00,  1.00,  0.47803, -2.14577E-06,  0.47803, -2.14577E-06,  0.47803, -2.14577E-06,  0.56683,  0.43317,  0.00,  0.00, 1, 0, 0, 0
1, 1,  0.16321,  1.42248,  0.04127,  0.79639, -0.12299, -0.59229,  0.00,  1.00,  1.00,  1.00,  1.00,  0.00, -2.14577E-06,  0.00, -2.14577E-06,  0.00, -2.14577E-06,  0.52964,  0.47036,  0.00,  0.00, 1, 0, 0, 0
2, 2,  0.17446,  1.46982,  0.05064,  0.74365, -0.17151, -0.64648,  0.00,  1.00,  1.00,  1.00,  1.00,  1.78814E-07,  0.04916,  1.78814E-07,  0.04916,  1.78814E-07,  0.04916,  0.60417,  0.39583,  0.00,  0.00, 0, 1, 0, 0
3, 0,  0.18816,  1.41022,  0.08144,  0.66211, -0.09161, -0.74365,  0.00,  1.00,  1.00,  1.00,  1.00,  0.47803, -2.14577E-06,  0.47803, -2.14577E-06,  0.47803, -2.14577E-06,  0.56683,  0.43317,  0.00,  0.00, 1, 0, 0, 0
4, 2,  0.17446,  1.46982,  0.05064,  0.74365, -0.17151, -0.64648,  0.00,  1.00,  1.00,  1.00,  1.00,  1.78814E-07,  0.04916,  1.78814E-07,  0.04916,  1.78814E-07,  0.04916,  0.60417,  0.39583,  0.00,  0.00, 0, 1, 0, 0
5, 3,  0.205,  1.45178,  0.09137,  0.58252, -0.13965, -0.80078,  0.00,  1.00,  1.00,  1.00,  1.00,  0.47803,  0.04916,  0.47803,  0.04916,  0.47803,  0.04916,  0.58784,  0.41216,  0.00,  0.00, 0, 1, 0, 0
6, 4,  0.20904,  1.39402,  0.09743,  0.4978, -0.05585, -0.86523,  0.00,  1.00,  1.00,  1.00,  1.00,  1.00, -2.14577E-06,  1.00, -2.14577E-06,  1.00, -2.14577E-06,  0.58965,  0.41035,  0.00,  0.00, 1, 0, 0, 0
7, 0,  0.18816,  1.41022,  0.08144,  0.66211, -0.09161, -0.74365,  0.00,  1.00,  1.00,  1.00,  1.00,  0.47803, -2.14577E-06,  0.47803, -2.14577E-06,  0.47803, -2.14577E-06,  0.56683,  0.43317,  0.00,  0.00, 1, 0, 0, 0
8, 3,  0.205,  1.45178,  0.09137,  0.58252, -0.13965, -0.80078,  0.00,  1.00,  1.00,  1.00,  1.00,  0.47803,  0.04916,  0.47803,  0.04916,  0.47803,  0.04916,  0.58784,  0.41216,  0.00,  0.00, 0, 1, 0, 0
9, 4,  0.20904,  1.39402,  0.09743,  0.4978, -0.05585, -0.86523,  0.00,  1.00,  1.00,  1.00,  1.00,  1.00, -2.14577E-06,  1.00, -2.14577E-06,  1.00, -2.14577E-06,  0.58965,  0.41035,  0.00,  0.00, 1, 0, 0, 0
10, 3,  0.205,  1.45178,  0.09137,  0.58252, -0.13965, -0.80078,  0.00,  1.00,  1.00,  1.00,  1.00,  0.47803,  0.04916,  0.47803,  0.04916,  0.47803,  0.04916,  0.58784,  0.41216,  0.00,  0.00, 0, 1, 0, 0
11, 5,  0.23282,  1.42957,  0.10588,  0.40527, -0.09729, -0.90918,  0.00,  1.00,  1.00,  1.00,  1.00,  1.00,  0.04916,  1.00,  0.04916,  1.00,  0.04916,  0.5379,  0.4621,  0.00,  0.00, 0, 1, 0, 0
12, 2,  0.17446,  1.46982,  0.05064,  0.74365, -0.17151, -0.64648,  0.00,  1.00,  1.00,  1.00,  1.00,  1.78814E-07,  0.04916,  1.78814E-07,  0.04916,  1.78814E-07,  0.04916,  0.60417,  0.39583,  0.00,  0.00, 0, 1, 0, 0
13, 6,  0.22471,  1.49087,  0.09425,  0.34106, -0.32275, -0.88281,  0.00,  1.00,  1.00,  1.00,  1.00,  0.47803,  0.09143,  0.47803,  0.09143,  0.47803,  0.09143,  0.71098,  0.28902,  0.00,  0.00, 0, 1, 0, 0
14, 3,  0.205,  1.45178,  0.09137,  0.58252, -0.13965, -0.80078,  0.00,  1.00,  1.00,  1.00,  1.00,  0.47803,  0.04916,  0.47803,  0.04916,  0.47803,  0.04916,  0.58784,  0.41216,  0.00,  0.00, 0, 1, 0, 0
15, 5,  0.23282,  1.42957,  0.10588,  0.40527, -0.09729, -0.90918,  0.00,  1.00,  1.00,  1.00,  1.00,  1.00,  0.04916,  1.00,  0.04916,  1.00,  0.04916,  0.5379,  0.4621,  0.00,  0.00, 0, 1, 0, 0
16, 3,  0.205,  1.45178,  0.09137,  0.58252, -0.13965, -0.80078,  0.00,  1.00,  1.00,  1.00,  1.00,  0.47803,  0.04916,  0.47803,  0.04916,  0.47803,  0.04916,  0.58784,  0.41216,  0.00,  0.00, 0, 1, 0, 0
17, 6,  0.22471,  1.49087,  0.09425,  0.34106, -0.32275, -0.88281,  0.00,  1.00,  1.00,  1.00,  1.00,  0.47803,  0.09143,  0.47803,  0.09143,  0.47803,  0.09143,  0.71098,  0.28902,  0.00,  0.00, 0, 1, 0, 0
18, 5,  0.23282,  1.42957,  0.10588,  0.40527, -0.09729, -0.90918,  0.00,  1.00,  1.00,  1.00,  1.00,  1.00,  0.04916,  1.00,  0.04916,  1.00,  0.04916,  0.5379,  0.4621,  0.00,  0.00, 0, 1, 0, 0
19, 6,  0.22471,  1.49087,  0.09425,  0.34106, -0.32275, -0.88281,  0.00,  1.00,  1.00,  1.00,  1.00,  0.47803,  0.09143,  0.47803,  0.09143,  0.47803,  0.09143,  0.71098,  0.28902,  0.00,  0.00, 0, 1, 0, 0
20, 7,  0.25743,  1.46296,  0.10676,  0.13, -0.26978, -0.9541,  0.00,  1.00,  1.00,  1.00,  1.00,  1.00,  0.09143,  1.00,  0.09143,  1.00,  0.09143,  0.67297,  0.32703,  0.00,  0.00, 0, 1, 0, 0
21, 2,  0.17446,  1.46982,  0.05064,  0.74365, -0.17151, -0.64648,  0.00,  1.00,  1.00,  1.00,  1.00,  1.78814E-07,  0.04916,  1.78814E-07,  0.04916,  1.78814E-07,  0.04916,  0.60417,  0.39583,  0.00,  0.00, 0, 1, 0, 0
22, 8,  0.18841,  1.51607,  0.05484,  0.52734, -0.3606, -0.76953,  0.00,  1.00,  1.00,  1.00,  1.00,  0.00,  0.09143,  0.00,  0.09143,  0.00,  0.09143,  0.73323,  0.26677,  0.00,  0.00, 0, 1, 0, 0
23, 6,  0.22471,  1.49087,  0.09425,  0.34106, -0.32275, -0.88281,  0.00,  1.00,  1.00,  1.00,  1.00,  0.47803,  0.09143,  0.47803,  0.09143,  0.47803,  0.09143,  0.71098,  0.28902,  0.00,  0.00, 0, 1, 0, 0
24, 6,  0.22471,  1.49087,  0.09425,  0.34106, -0.32275, -0.88281,  0.00,  1.00,  1.00,  1.00,  1.00,  0.47803,  0.09143,  0.47803,  0.09143,  0.47803,  0.09143,  0.71098,  0.28902,  0.00,  0.00, 0, 1, 0, 0
25, 9,  0.28529,  1.49266,  0.08894, -0.18152, -0.42065, -0.88867,  0.00,  1.00,  1.00,  1.00,  1.00,  1.00,  0.13184,  1.00,  0.13184,  1.00,  0.13184,  0.82042,  0.17958,  0.00,  0.00, 0, 1, 0, 0
26, 7,  0.25743,  1.46296,  0.10676,  0.13, -0.26978, -0.9541,  0.00,  1.00,  1.00,  1.00,  1.00,  1.00,  0.09143,  1.00,  0.09143,  1.00,  0.09143,  0.67297,  0.32703,  0.00,  0.00, 0, 1, 0, 0
27, 8,  0.18841,  1.51607,  0.05484,  0.52734, -0.3606, -0.76953,  0.00,  1.00,  1.00,  1.00,  1.00,  0.00,  0.09143,  0.00,  0.09143,  0.00,  0.09143,  0.73323,  0.26677,  0.00,  0.00, 0, 1, 0, 0
28, 10,  0.25249,  1.52577,  0.07981,  0.02751, -0.46899, -0.88281,  0.00,  1.00,  1.00,  1.00,  1.00,  0.47803,  0.13184,  0.47803,  0.13184,  0.47803,  0.13184,  0.86453,  0.13547,  0.00,  0.00, 0, 1, 0, 0
29, 6,  0.22471,  1.49087,  0.09425,  0.34106, -0.32275, -0.88281,  0.00,  1.00,  1.00,  1.00,  1.00,  0.47803,  0.09143,  0.47803,  0.09143,  0.47803,  0.09143,  0.71098,  0.28902,  0.00,  0.00, 0, 1, 0, 0
30, 6,  0.22471,  1.49087,  0.09425,  0.34106, -0.32275, -0.88281,  0.00,  1.00,  1.00,  1.00,  1.00,  0.47803,  0.09143,  0.47803,  0.09143,  0.47803,  0.09143,  0.71098,  0.28902,  0.00,  0.00, 0, 1, 0, 0
31, 10,  0.25249,  1.52577,  0.07981,  0.02751, -0.46899, -0.88281,  0.00,  1.00,  1.00,  1.00,  1.00,  0.47803,  0.13184,  0.47803,  0.13184,  0.47803,  0.13184,  0.86453,  0.13547,  0.00,  0.00, 0, 1, 0, 0
32, 9,  0.28529,  1.49266,  0.08894, -0.18152, -0.42065, -0.88867,  0.00,  1.00,  1.00,  1.00,  1.00,  1.00,  0.13184,  1.00,  0.13184,  1.00,  0.13184,  0.82042,  0.17958,  0.00,  0.00, 0, 1, 0, 0
33, 8,  0.18841,  1.51607,  0.05484,  0.52734, -0.3606, -0.76953,  0.00,  1.00,  1.00,  1.00,  1.00,  0.00,  0.09143,  0.00,  0.09143,  0.00,  0.09143,  0.73323,  0.26677,  0.00,  0.00, 0, 1, 0, 0
34, 11,  0.20923,  1.56105,  0.04661,  0.20679, -0.49707, -0.84277,  0.00,  1.00,  1.00,  1.00,  1.00,  0.00,  0.13184,  0.00,  0.13184,  0.00,  0.13184,  0.88103,  0.11897,  0.00,  0.00, 0, 1, 0, 0
35, 10,  0.25249,  1.52577,  0.07981,  0.02751, -0.46899, -0.88281,  0.00,  1.00,  1.00,  1.00,  1.00,  0.47803,  0.13184,  0.47803,  0.13184,  0.47803,  0.13184,  0.86453,  0.13547,  0.00,  0.00, 0, 1, 0, 0
36, 12,  0.31682,  1.51929,  0.06011, -0.28418, -0.36475, -0.88672,  0.00,  1.00,  1.00,  1.00,  1.00,  1.00,  0.17297,  1.00,  0.17297,  1.00,  0.17297,  0.93518,  0.06482,  0.00,  0.00, 0, 1, 0, 0
37, 9,  0.28529,  1.49266,  0.08894, -0.18152, -0.42065, -0.88867,  0.00,  1.00,  1.00,  1.00,  1.00,  1.00,  0.13184,  1.00,  0.13184,  1.00,  0.13184,  0.82042,  0.17958,  0.00,  0.00, 0, 1, 0, 0
38, 10,  0.25249,  1.52577,  0.07981,  0.02751, -0.46899, -0.88281,  0.00,  1.00,  1.00,  1.00,  1.00,  0.47803,  0.13184,  0.47803,  0.13184,  0.47803,  0.13184,  0.86453,  0.13547,  0.00,  0.00, 0, 1, 0, 0
39, 11,  0.20923,  1.56105,  0.04661,  0.20679, -0.49707, -0.84277,  0.00,  1.00,  1.00,  1.00,  1.00,  0.00,  0.13184,  0.00,  0.13184,  0.00,  0.13184,  0.88103,  0.11897,  0.00,  0.00, 0, 1, 0, 0
40, 13,  0.28473,  1.55961,  0.05438, -0.12091, -0.41284, -0.90283,  0.00,  1.00,  1.00,  1.00,  1.00,  0.47803,  0.17297,  0.47803,  0.17297,  0.47803,  0.17297,  0.95087,  0.04913,  0.00,  0.00, 0, 1, 0, 0
41, 10,  0.25249,  1.52577,  0.07981,  0.02751, -0.46899, -0.88281,  0.00,  1.00,  1.00,  1.00,  1.00,  0.47803,  0.13184,  0.47803,  0.13184,  0.47803,  0.13184,  0.86453,  0.13547,  0.00,  0.00, 0, 1, 0, 0
42, 12,  0.31682,  1.51929,  0.06011, -0.28418, -0.36475, -0.88672,  0.00,  1.00,  1.00,  1.00,  1.00,  1.00,  0.17297,  1.00,  0.17297,  1.00,  0.17297,  0.93518,  0.06482,  0.00,  0.00, 0, 1, 0, 0
43, 10,  0.25249,  1.52577,  0.07981,  0.02751, -0.46899, -0.88281,  0.00,  1.00,  1.00,  1.00,  1.00,  0.47803,  0.13184,  0.47803,  0.13184,  0.47803,  0.13184,  0.86453,  0.13547,  0.00,  0.00, 0, 1, 0, 0
44, 13,  0.28473,  1.55961,  0.05438, -0.12091, -0.41284, -0.90283,  0.00,  1.00,  1.00,  1.00,  1.00,  0.47803,  0.17297,  0.47803,  0.17297,  0.47803,  0.17297,  0.95087,  0.04913,  0.00,  0.00, 0, 1, 0, 0
45, 11,  0.20923,  1.56105,  0.04661,  0.20679, -0.49707, -0.84277,  0.00,  1.00,  1.00,  1.00,  1.00,  0.00,  0.13184,  0.00,  0.13184,  0.00,  0.13184,  0.88103,  0.11897,  0.00,  0.00, 0, 1, 0, 0
46, 14,  0.2384,  1.60441,  0.03131,  0.03081, -0.44629, -0.89453,  0.00,  1.00,  1.00,  1.00,  1.00,  1.78814E-07,  0.17297,  1.78814E-07,  0.17297,  1.78814E-07,  0.17297,  0.95985,  0.04015,  0.00,  0.00, 0, 1, 0, 0
47, 13,  0.28473,  1.55961,  0.05438, -0.12091, -0.41284, -0.90283,  0.00,  1.00,  1.00,  1.00,  1.00,  0.47803,  0.17297,  0.47803,  0.17297,  0.47803,  0.17297,  0.95087,  0.04913,  0.00,  0.00, 0, 1, 0, 0
48, 15,  0.28815,  1.66072,  0.01128, -0.09998, -0.37061, -0.92334,  0.00,  1.00,  1.00,  1.00,  1.00,  0.00,  0.22266,  0.00,  0.22266,  0.00,  0.22266,  0.89293,  0.10486,  0.00221,  0.00, 0, 2, 1, 0
49, 13,  0.28473,  1.55961,  0.05438, -0.12091, -0.41284, -0.90283,  0.00,  1.00,  1.00,  1.00,  1.00,  0.47803,  0.17297,  0.47803,  0.17297,  0.47803,  0.17297,  0.95087,  0.04913,  0.00,  0.00, 0, 1, 0, 0
50, 14,  0.2384,  1.60441,  0.03131,  0.03081, -0.44629, -0.89453,  0.00,  1.00,  1.00,  1.00,  1.00,  1.78814E-07,  0.17297,  1.78814E-07,  0.17297,  1.78814E-07,  0.17297,  0.95985,  0.04015,  0.00,  0.00, 0, 1, 0, 0
51, 16,  0.33024,  1.6072,  0.02951, -0.21106, -0.32275, -0.92285,  0.00,  1.00,  1.00,  1.00,  1.00,  0.47803,  0.22266,  0.47803,  0.22266,  0.47803,  0.22266,  0.89206,  0.10356,  0.00439,  0.00, 0, 2, 1, 0
52, 12,  0.31682,  1.51929,  0.06011, -0.28418, -0.36475, -0.88672,  0.00,  1.00,  1.00,  1.00,  1.00,  1.00,  0.17297,  1.00,  0.17297,  1.00,  0.17297,  0.93518,  0.06482,  0.00,  0.00, 0, 1, 0, 0
53, 13,  0.28473,  1.55961,  0.05438, -0.12091, -0.41284, -0.90283,  0.00,  1.00,  1.00,  1.00,  1.00,  0.47803,  0.17297,  0.47803,  0.17297,  0.47803,  0.17297,  0.95087,  0.04913,  0.00,  0.00, 0, 1, 0, 0
54, 15,  0.28815,  1.66072,  0.01128, -0.09998, -0.37061, -0.92334,  0.00,  1.00,  1.00,  1.00,  1.00,  0.00,  0.22266,  0.00,  0.22266,  0.00,  0.22266,  0.89293,  0.10486,  0.00221,  0.00, 0, 2, 1, 0
55, 16,  0.33024,  1.6072,  0.02951, -0.21106, -0.32275, -0.92285,  0.00,  1.00,  1.00,  1.00,  1.00,  0.47803,  0.22266,  0.47803,  0.22266,  0.47803,  0.22266,  0.89206,  0.10356,  0.00439,  0.00, 0, 2, 1, 0
56, 13,  0.28473,  1.55961,  0.05438, -0.12091, -0.41284, -0.90283,  0.00,  1.00,  1.00,  1.00,  1.00,  0.47803,  0.17297,  0.47803,  0.17297,  0.47803,  0.17297,  0.95087,  0.04913,  0.00,  0.00, 0, 1, 0, 0
57, 16,  0.33024,  1.6072,  0.02951, -0.21106, -0.32275, -0.92285,  0.00,  1.00,  1.00,  1.00,  1.00,  0.47803,  0.22266,  0.47803,  0.22266,  0.47803,  0.22266,  0.89206,  0.10356,  0.00439,  0.00, 0, 2, 1, 0
58, 17,  0.36118,  1.55352,  0.0346, -0.32788, -0.26465, -0.90674,  0.00,  1.00,  1.00,  1.00,  1.00,  1.00,  0.22266,  1.00,  0.22266,  1.00,  0.22266,  0.90031,  0.09146,  0.00822,  0.00, 0, 2, 1, 0
59, 12,  0.31682,  1.51929,  0.06011, -0.28418, -0.36475, -0.88672,  0.00,  1.00,  1.00,  1.00,  1.00,  1.00,  0.17297,  1.00,  0.17297,  1.00,  0.17297,  0.93518,  0.06482,  0.00,  0.00, 0, 1, 0, 0
60, 18,  0.35505,  1.71444, -0.01613, -0.28784, -0.30811, -0.90674,  0.00,  1.00,  1.00,  1.00,  1.00,  1.78814E-07,  0.27588,  1.78814E-07,  0.27588,  1.78814E-07,  0.27588,  0.6267,  0.3733,  0.00,  0.00, 0, 2, 0, 0
61, 16,  0.33024,  1.6072,  0.02951, -0.21106, -0.32275, -0.92285,  0.00,  1.00,  1.00,  1.00,  1.00,  0.47803,  0.22266,  0.47803,  0.22266,  0.47803,  0.22266,  0.89206,  0.10356,  0.00439,  0.00, 0, 2, 1, 0
62, 15,  0.28815,  1.66072,  0.01128, -0.09998, -0.37061, -0.92334,  0.00,  1.00,  1.00,  1.00,  1.00,  0.00,  0.22266,  0.00,  0.22266,  0.00,  0.22266,  0.89293,  0.10486,  0.00221,  0.00, 0, 2, 1, 0
63, 19,  0.38711,  1.6541, -0.00499, -0.38208, -0.26733, -0.88477,  0.00,  1.00,  1.00,  1.00,  1.00,  0.47803,  0.27588,  0.47803,  0.27588,  0.47803,  0.27588,  0.62327,  0.37673,  0.00,  0.00, 0, 2, 0, 0
64, 17,  0.36118,  1.55352,  0.0346, -0.32788, -0.26465, -0.90674,  0.00,  1.00,  1.00,  1.00,  1.00,  1.00,  0.22266,  1.00,  0.22266,  1.00,  0.22266,  0.90031,  0.09146,  0.00822,  0.00, 0, 2, 1, 0
65, 16,  0.33024,  1.6072,  0.02951, -0.21106, -0.32275, -0.92285,  0.00,  1.00,  1.00,  1.00,  1.00,  0.47803,  0.22266,  0.47803,  0.22266,  0.47803,  0.22266,  0.89206,  0.10356,  0.00439,  0.00, 0, 2, 1, 0
66, 18,  0.35505,  1.71444, -0.01613, -0.28784, -0.30811, -0.90674,  0.00,  1.00,  1.00,  1.00,  1.00,  1.78814E-07,  0.27588,  1.78814E-07,  0.27588,  1.78814E-07,  0.27588,  0.6267,  0.3733,  0.00,  0.00, 0, 2, 0, 0
67, 19,  0.38711,  1.6541, -0.00499, -0.38208, -0.26733, -0.88477,  0.00,  1.00,  1.00,  1.00,  1.00,  0.47803,  0.27588,  0.47803,  0.27588,  0.47803,  0.27588,  0.62327,  0.37673,  0.00,  0.00, 0, 2, 0, 0
68, 16,  0.33024,  1.6072,  0.02951, -0.21106, -0.32275, -0.92285,  0.00,  1.00,  1.00,  1.00,  1.00,  0.47803,  0.22266,  0.47803,  0.22266,  0.47803,  0.22266,  0.89206,  0.10356,  0.00439,  0.00, 0, 2, 1, 0
69, 19,  0.38711,  1.6541, -0.00499, -0.38208, -0.26733, -0.88477,  0.00,  1.00,  1.00,  1.00,  1.00,  0.47803,  0.27588,  0.47803,  0.27588,  0.47803,  0.27588,  0.62327,  0.37673,  0.00,  0.00, 0, 2, 0, 0
70, 20,  0.41282,  1.58676, -0.00258, -0.47583, -0.2179, -0.85205,  0.00,  1.00,  1.00,  1.00,  1.00,  1.00,  0.27588,  1.00,  0.27588,  1.00,  0.27588,  0.6536,  0.3464,  0.00,  0.00, 0, 2, 0, 0
71, 17,  0.36118,  1.55352,  0.0346, -0.32788, -0.26465, -0.90674,  0.00,  1.00,  1.00,  1.00,  1.00,  1.00,  0.22266,  1.00,  0.22266,  1.00,  0.22266,  0.90031,  0.09146,  0.00822,  0.00, 0, 2, 1, 0
72, 21,  0.4378,  1.69017, -0.04361, -0.56201, -0.18286, -0.80664,  0.00,  1.00,  1.00,  1.00,  1.00,  0.47803,  0.32275,  0.47803,  0.32275,  0.47803,  0.32275,  0.61291,  0.38709,  0.00,  0.00, 2, 0, 0, 0
73, 19,  0.38711,  1.6541, -0.00499, -0.38208, -0.26733, -0.88477,  0.00,  1.00,  1.00,  1.00,  1.00,  0.47803,  0.27588,  0.47803,  0.27588,  0.47803,  0.27588,  0.62327,  0.37673,  0.00,  0.00, 0, 2, 0, 0
74, 18,  0.35505,  1.71444, -0.01613, -0.28784, -0.30811, -0.90674,  0.00,  1.00,  1.00,  1.00,  1.00,  1.78814E-07,  0.27588,  1.78814E-07,  0.27588,  1.78814E-07,  0.27588,  0.6267,  0.3733,  0.00,  0.00, 0, 2, 0, 0
75, 20,  0.41282,  1.58676, -0.00258, -0.47583, -0.2179, -0.85205,  0.00,  1.00,  1.00,  1.00,  1.00,  1.00,  0.27588,  1.00,  0.27588,  1.00,  0.27588,  0.6536,  0.3464,  0.00,  0.00, 0, 2, 0, 0
76, 19,  0.38711,  1.6541, -0.00499, -0.38208, -0.26733, -0.88477,  0.00,  1.00,  1.00,  1.00,  1.00,  0.47803,  0.27588,  0.47803,  0.27588,  0.47803,  0.27588,  0.62327,  0.37673,  0.00,  0.00, 0, 2, 0, 0
77, 21,  0.4378,  1.69017, -0.04361, -0.56201, -0.18286, -0.80664,  0.00,  1.00,  1.00,  1.00,  1.00,  0.47803,  0.32275,  0.47803,  0.32275,  0.47803,  0.32275,  0.61291,  0.38709,  0.00,  0.00, 2, 0, 0, 0
78, 20,  0.41282,  1.58676, -0.00258, -0.47583, -0.2179, -0.85205,  0.00,  1.00,  1.00,  1.00,  1.00,  1.00,  0.27588,  1.00,  0.27588,  1.00,  0.27588,  0.6536,  0.3464,  0.00,  0.00, 0, 2, 0, 0
79, 21,  0.4378,  1.69017, -0.04361, -0.56201, -0.18286, -0.80664,  0.00,  1.00,  1.00,  1.00,  1.00,  0.47803,  0.32275,  0.47803,  0.32275,  0.47803,  0.32275,  0.61291,  0.38709,  0.00,  0.00, 2, 0, 0, 0
80, 22,  0.45549,  1.61449, -0.04383, -0.62939, -0.15356, -0.76172,  0.00,  1.00,  1.00,  1.00,  1.00,  1.00,  0.32275,  1.00,  0.32275,  1.00,  0.32275,  0.58996,  0.41004,  0.00,  0.00, 2, 0, 0, 0
81, 21,  0.4378,  1.69017, -0.04361, -0.56201, -0.18286, -0.80664,  0.00,  1.00,  1.00,  1.00,  1.00,  0.47803,  0.32275,  0.47803,  0.32275,  0.47803,  0.32275,  0.61291,  0.38709,  0.00,  0.00, 2, 0, 0, 0
82, 18,  0.35505,  1.71444, -0.01613, -0.28784, -0.30811, -0.90674,  0.00,  1.00,  1.00,  1.00,  1.00,  1.78814E-07,  0.27588,  1.78814E-07,  0.27588,  1.78814E-07,  0.27588,  0.6267,  0.3733,  0.00,  0.00, 0, 2, 0, 0
83, 23,  0.41756,  1.75414, -0.04839, -0.49634, -0.20044, -0.84473,  0.00,  1.00,  1.00,  1.00,  1.00,  0.00,  0.32275,  0.00,  0.32275,  0.00,  0.32275,  0.61633,  0.38367,  0.00,  0.00, 2, 0, 0, 0
84, 21,  0.4378,  1.69017, -0.04361, -0.56201, -0.18286, -0.80664,  0.00,  1.00,  1.00,  1.00,  1.00,  0.47803,  0.32275,  0.47803,  0.32275,  0.47803,  0.32275,  0.61291,  0.38709,  0.00,  0.00, 2, 0, 0, 0
85, 24,  0.49041,  1.64214, -0.09072, -0.7959, -0.07001, -0.60156,  0.00,  1.00,  1.00,  1.00,  1.00,  1.00,  0.36743,  1.00,  0.36743,  1.00,  0.36743,  0.77285,  0.22715,  0.00,  0.00, 2, 0, 0, 0
86, 22,  0.45549,  1.61449, -0.04383, -0.62939, -0.15356, -0.76172,  0.00,  1.00,  1.00,  1.00,  1.00,  1.00,  0.32275,  1.00,  0.32275,  1.00,  0.32275,  0.58996,  0.41004,  0.00,  0.00, 2, 0, 0, 0
87, 23,  0.41756,  1.75414, -0.04839, -0.49634, -0.20044, -0.84473,  0.00,  1.00,  1.00,  1.00,  1.00,  0.00,  0.32275,  0.00,  0.32275,  0.00,  0.32275,  0.61633,  0.38367,  0.00,  0.00, 2, 0, 0, 0
88, 25,  0.48252,  1.72014, -0.08859, -0.76611, -0.07416, -0.63818,  0.00,  1.00,  1.00,  1.00,  1.00,  0.47803,  0.36743,  0.47803,  0.36743,  0.47803,  0.36743,  0.79957,  0.20043,  0.00,  0.00, 2, 0, 0, 0
89, 21,  0.4378,  1.69017, -0.04361, -0.56201, -0.18286, -0.80664,  0.00,  1.00,  1.00,  1.00,  1.00,  0.47803,  0.32275,  0.47803,  0.32275,  0.47803,  0.32275,  0.61291,  0.38709,  0.00,  0.00, 2, 0, 0, 0
90, 21,  0.4378,  1.69017, -0.04361, -0.56201, -0.18286, -0.80664,  0.00,  1.00,  1.00,  1.00,  1.00,  0.47803,  0.32275,  0.47803,  0.32275,  0.47803,  0.32275,  0.61291,  0.38709,  0.00,  0.00, 2, 0, 0, 0
91, 25,  0.48252,  1.72014, -0.08859, -0.76611, -0.07416, -0.63818,  0.00,  1.00,  1.00,  1.00,  1.00,  0.47803,  0.36743,  0.47803,  0.36743,  0.47803,  0.36743,  0.79957,  0.20043,  0.00,  0.00, 2, 0, 0, 0
92, 24,  0.49041,  1.64214, -0.09072, -0.7959, -0.07001, -0.60156,  0.00,  1.00,  1.00,  1.00,  1.00,  1.00,  0.36743,  1.00,  0.36743,  1.00,  0.36743,  0.77285,  0.22715,  0.00,  0.00, 2, 0, 0, 0
93, 23,  0.41756,  1.75414, -0.04839, -0.49634, -0.20044, -0.84473,  0.00,  1.00,  1.00,  1.00,  1.00,  0.00,  0.32275,  0.00,  0.32275,  0.00,  0.32275,  0.61633,  0.38367,  0.00,  0.00, 2, 0, 0, 0
94, 26,  0.47162,  1.79209, -0.08666, -0.73535, -0.0752, -0.67334,  0.00,  1.00,  1.00,  1.00,  1.00,  1.78814E-07,  0.36743,  1.78814E-07,  0.36743,  1.78814E-07,  0.36743,  0.78106,  0.21894,  0.00,  0.00, 2, 0, 0, 0
95, 25,  0.48252,  1.72014, -0.08859, -0.76611, -0.07416, -0.63818,  0.00,  1.00,  1.00,  1.00,  1.00,  0.47803,  0.36743,  0.47803,  0.36743,  0.47803,  0.36743,  0.79957,  0.20043,  0.00,  0.00, 2, 0, 0, 0
96, 27,  0.52336,  1.75339, -0.1593, -0.94385,  0.05966, -0.32568,  0.00,  1.00,  1.00,  1.00,  1.00,  0.47803,  0.42383,  0.47803,  0.42383,  0.47803,  0.42383,  0.95676,  0.04324,  0.00,  0.00, 2, 0, 0, 0
97, 24,  0.49041,  1.64214, -0.09072, -0.7959, -0.07001, -0.60156,  0.00,  1.00,  1.00,  1.00,  1.00,  1.00,  0.36743,  1.00,  0.36743,  1.00,  0.36743,  0.77285,  0.22715,  0.00,  0.00, 2, 0, 0, 0
98, 25,  0.48252,  1.72014, -0.08859, -0.76611, -0.07416, -0.63818,  0.00,  1.00,  1.00,  1.00,  1.00,  0.47803,  0.36743,  0.47803,  0.36743,  0.47803,  0.36743,  0.79957,  0.20043,  0.00,  0.00, 2, 0, 0, 0
99, 26,  0.47162,  1.79209, -0.08666, -0.73535, -0.0752, -0.67334,  0.00,  1.00,  1.00,  1.00,  1.00,  1.78814E-07,  0.36743,  1.78814E-07,  0.36743,  1.78814E-07,  0.36743,  0.78106,  0.21894,  0.00,  0.00, 2, 0, 0, 0
100, 27,  0.52336,  1.75339, -0.1593, -0.94385,  0.05966, -0.32568,  0.00,  1.00,  1.00,  1.00,  1.00,  0.47803,  0.42383,  0.47803,  0.42383,  0.47803,  0.42383,  0.95676,  0.04324,  0.00,  0.00, 2, 0, 0, 0
101, 25,  0.48252,  1.72014, -0.08859, -0.76611, -0.07416, -0.63818,  0.00,  1.00,  1.00,  1.00,  1.00,  0.47803,  0.36743,  0.47803,  0.36743,  0.47803,  0.36743,  0.79957,  0.20043,  0.00,  0.00, 2, 0, 0, 0
102, 27,  0.52336,  1.75339, -0.1593, -0.94385,  0.05966, -0.32568,  0.00,  1.00,  1.00,  1.00,  1.00,  0.47803,  0.42383,  0.47803,  0.42383,  0.47803,  0.42383,  0.95676,  0.04324,  0.00,  0.00, 2, 0, 0, 0
103, 28,  0.51755,  1.67746, -0.15966, -0.9502,  0.05148, -0.30664,  0.00,  1.00,  1.00,  1.00,  1.00,  1.00,  0.42383,  1.00,  0.42383,  1.00,  0.42383,  0.94592,  0.05408,  0.00,  0.00, 2, 0, 0, 0
104, 24,  0.49041,  1.64214, -0.09072, -0.7959, -0.07001, -0.60156,  0.00,  1.00,  1.00,  1.00,  1.00,  1.00,  0.36743,  1.00,  0.36743,  1.00,  0.36743,  0.77285,  0.22715,  0.00,  0.00, 2, 0, 0, 0
105, 26,  0.47162,  1.79209, -0.08666, -0.73535, -0.0752, -0.67334,  0.00,  1.00,  1.00,  1.00,  1.00,  1.78814E-07,  0.36743,  1.78814E-07,  0.36743,  1.78814E-07,  0.36743,  0.78106,  0.21894,  0.00,  0.00, 2, 0, 0, 0
106, 29,  0.52581,  1.82613, -0.15551, -0.93408,  0.05908, -0.35205,  0.00,  1.00,  1.00,  1.00,  1.00,  0.00,  0.42383,  0.00,  0.42383,  0.00,  0.42383,  0.95555,  0.04445,  0.00,  0.00, 2, 0, 0, 0
107, 27,  0.52336,  1.75339, -0.1593, -0.94385,  0.05966, -0.32568,  0.00,  1.00,  1.00,  1.00,  1.00,  0.47803,  0.42383,  0.47803,  0.42383,  0.47803,  0.42383,  0.95676,  0.04324,  0.00,  0.00, 2, 0, 0, 0
108, 30,  0.53923,  1.78604, -0.24531, -0.98096,  0.19287,  0.02063,  0.00,  1.00,  1.00,  1.00,  1.00,  0.47803,  0.48389,  0.47803,  0.48389,  0.47803,  0.48389,  0.98572,  0.01428,  0.00,  0.00, 2, 0, 0, 0
109, 28,  0.51755,  1.67746, -0.15966, -0.9502,  0.05148, -0.30664,  0.00,  1.00,  1.00,  1.00,  1.00,  1.00,  0.42383,  1.00,  0.42383,  1.00,  0.42383,  0.94592,  0.05408,  0.00,  0.00, 2, 0, 0, 0
110, 27,  0.52336,  1.75339, -0.1593, -0.94385,  0.05966, -0.32568,  0.00,  1.00,  1.00,  1.00,  1.00,  0.47803,  0.42383,  0.47803,  0.42383,  0.47803,  0.42383,  0.95676,  0.04324,  0.00,  0.00, 2, 0, 0, 0
111, 29,  0.52581,  1.82613, -0.15551, -0.93408,  0.05908, -0.35205,  0.00,  1.00,  1.00,  1.00,  1.00,  0.00,  0.42383,  0.00,  0.42383,  0.00,  0.42383,  0.95555,  0.04445,  0.00,  0.00, 2, 0, 0, 0
112, 30,  0.53923,  1.78604, -0.24531, -0.98096,  0.19287,  0.02063,  0.00,  1.00,  1.00,  1.00,  1.00,  0.47803,  0.48389,  0.47803,  0.48389,  0.47803,  0.48389,  0.98572,  0.01428,  0.00,  0.00, 2, 0, 0, 0
113, 27,  0.52336,  1.75339, -0.1593, -0.94385,  0.05966, -0.32568,  0.00,  1.00,  1.00,  1.00,  1.00,  0.47803,  0.42383,  0.47803,  0.42383,  0.47803,  0.42383,  0.95676,  0.04324,  0.00,  0.00, 2, 0, 0, 0
114, 30,  0.53923,  1.78604, -0.24531, -0.98096,  0.19287,  0.02063,  0.00,  1.00,  1.00,  1.00,  1.00,  0.47803,  0.48389,  0.47803,  0.48389,  0.47803,  0.48389,  0.98572,  0.01428,  0.00,  0.00, 2, 0, 0, 0
115, 31,  0.52236,  1.70745, -0.24123, -0.98047,  0.19189,  0.03873,  0.00,  1.00,  1.00,  1.00,  1.00,  1.00,  0.48389,  1.00,  0.48389,  1.00,  0.48389,  0.98576,  0.01424,  0.00,  0.00, 2, 0, 0, 0
116, 28,  0.51755,  1.67746, -0.15966, -0.9502,  0.05148, -0.30664,  0.00,  1.00,  1.00,  1.00,  1.00,  1.00,  0.42383,  1.00,  0.42383,  1.00,  0.42383,  0.94592,  0.05408,  0.00,  0.00, 2, 0, 0, 0
117, 29,  0.52581,  1.82613, -0.15551, -0.93408,  0.05908, -0.35205,  0.00,  1.00,  1.00,  1.00,  1.00,  0.00,  0.42383,  0.00,  0.42383,  0.00,  0.42383,  0.95555,  0.04445,  0.00,  0.00, 2, 0, 0, 0
118, 32,  0.55253,  1.8583, -0.24443, -0.98291,  0.18457, -0.00231,  0.00,  1.00,  1.00,  1.00,  1.00,  1.19209E-07,  0.48389,  1.19209E-07,  0.48389,  1.19209E-07,  0.48389,  0.98212,  0.01588,  0.002,  0.00, 2, 0, 3, 0
119, 30,  0.53923,  1.78604, -0.24531, -0.98096,  0.19287,  0.02063,  0.00,  1.00,  1.00,  1.00,  1.00,  0.47803,  0.48389,  0.47803,  0.48389,  0.47803,  0.48389,  0.98572,  0.01428,  0.00,  0.00, 2, 0, 0, 0
120, 33,  0.53185,  1.82092, -0.33901, -0.90137,  0.30005,  0.31177,  0.00,  1.00,  1.00,  1.00,  1.00,  0.47803,  0.54688,  0.47803,  0.54688,  0.47803,  0.54688,  0.96686,  0.03314,  0.00,  0.00, 2, 3, 0, 0
121, 31,  0.52236,  1.70745, -0.24123, -0.98047,  0.19189,  0.03873,  0.00,  1.00,  1.00,  1.00,  1.00,  1.00,  0.48389,  1.00,  0.48389,  1.00,  0.48389,  0.98576,  0.01424,  0.00,  0.00, 2, 0, 0, 0
122, 30,  0.53923,  1.78604, -0.24531, -0.98096,  0.19287,  0.02063,  0.00,  1.00,  1.00,  1.00,  1.00,  0.47803,  0.48389,  0.47803,  0.48389,  0.47803,  0.48389,  0.98572,  0.01428,  0.00,  0.00, 2, 0, 0, 0
123, 32,  0.55253,  1.8583, -0.24443, -0.98291,  0.18457, -0.00231,  0.00,  1.00,  1.00,  1.00,  1.00,  1.19209E-07,  0.48389,  1.19209E-07,  0.48389,  1.19209E-07,  0.48389,  0.98212,  0.01588,  0.002,  0.00, 2, 0, 3, 0
124, 33,  0.53185,  1.82092, -0.33901, -0.90137,  0.30005,  0.31177,  0.00,  1.00,  1.00,  1.00,  1.00,  0.47803,  0.54688,  0.47803,  0.54688,  0.47803,  0.54688,  0.96686,  0.03314,  0.00,  0.00, 2, 3, 0, 0
125, 30,  0.53923,  1.78604, -0.24531, -0.98096,  0.19287,  0.02063,  0.00,  1.00,  1.00,  1.00,  1.00,  0.47803,  0.48389,  0.47803,  0.48389,  0.47803,  0.48389,  0.98572,  0.01428,  0.00,  0.00, 2, 0, 0, 0
126, 32,  0.55253,  1.8583, -0.24443, -0.98291,  0.18457, -0.00231,  0.00,  1.00,  1.00,  1.00,  1.00,  1.19209E-07,  0.48389,  1.19209E-07,  0.48389,  1.19209E-07,  0.48389,  0.98212,  0.01588,  0.002,  0.00, 2, 0, 3, 0
127, 34,  0.5516,  1.89152, -0.34366, -0.9126,  0.27808,  0.29956,  0.00,  1.00,  1.00,  1.00,  1.00,  1.19209E-07,  0.54688,  1.19209E-07,  0.54688,  1.19209E-07,  0.54688,  0.94285,  0.05715,  0.00,  0.00, 2, 3, 0, 0
128, 33,  0.53185,  1.82092, -0.33901, -0.90137,  0.30005,  0.31177,  0.00,  1.00,  1.00,  1.00,  1.00,  0.47803,  0.54688,  0.47803,  0.54688,  0.47803,  0.54688,  0.96686,  0.03314,  0.00,  0.00, 2, 3, 0, 0
129, 33,  0.53185,  1.82092, -0.33901, -0.90137,  0.30005,  0.31177,  0.00,  1.00,  1.00,  1.00,  1.00,  0.47803,  0.54688,  0.47803,  0.54688,  0.47803,  0.54688,  0.96686,  0.03314,  0.00,  0.00, 2, 3, 0, 0
130, 35,  0.50853,  1.74512, -0.32532, -0.89844,  0.30786,  0.31299,  0.00,  1.00,  1.00,  1.00,  1.00,  1.00,  0.54688,  1.00,  0.54688,  1.00,  0.54688,  0.96292,  0.03708,  0.00,  0.00, 2, 3, 0, 0
131, 31,  0.52236,  1.70745, -0.24123, -0.98047,  0.19189,  0.03873,  0.00,  1.00,  1.00,  1.00,  1.00,  1.00,  0.48389,  1.00,  0.48389,  1.00,  0.48389,  0.98576,  0.01424,  0.00,  0.00, 2, 0, 0, 0
132, 33,  0.53185,  1.82092, -0.33901, -0.90137,  0.30005,  0.31177,  0.00,  1.00,  1.00,  1.00,  1.00,  0.47803,  0.54688,  0.47803,  0.54688,  0.47803,  0.54688,  0.96686,  0.03314,  0.00,  0.00, 2, 3, 0, 0
133, 34,  0.5516,  1.89152, -0.34366, -0.9126,  0.27808,  0.29956,  0.00,  1.00,  1.00,  1.00,  1.00,  1.19209E-07,  0.54688,  1.19209E-07,  0.54688,  1.19209E-07,  0.54688,  0.94285,  0.05715,  0.00,  0.00, 2, 3, 0, 0
134, 36,  0.52134,  1.92914, -0.44248, -0.78516,  0.33105,  0.52295,  0.00,  1.00,  1.00,  1.00,  1.00,  1.19209E-07,  0.61572,  1.19209E-07,  0.61572,  1.19209E-07,  0.61572,  0.65686,  0.34314,  0.00,  0.00, 2, 3, 0, 0
135, 35,  0.50853,  1.74512, -0.32532, -0.89844,  0.30786,  0.31299,  0.00,  1.00,  1.00,  1.00,  1.00,  1.00,  0.54688,  1.00,  0.54688,  1.00,  0.54688,  0.96292,  0.03708,  0.00,  0.00, 2, 3, 0, 0
136, 33,  0.53185,  1.82092, -0.33901, -0.90137,  0.30005,  0.31177,  0.00,  1.00,  1.00,  1.00,  1.00,  0.47803,  0.54688,  0.47803,  0.54688,  0.47803,  0.54688,  0.96686,  0.03314,  0.00,  0.00, 2, 3, 0, 0
137, 37,  0.49857,  1.86049, -0.43256, -0.77197,  0.3606,  0.52393,  0.00,  1.00,  1.00,  1.00,  1.00,  0.47803,  0.61572,  0.47803,  0.61572,  0.47803,  0.61572,  0.65499,  0.34501,  0.00,  0.00, 2, 3, 0, 0
138, 33,  0.53185,  1.82092, -0.33901, -0.90137,  0.30005,  0.31177,  0.00,  1.00,  1.00,  1.00,  1.00,  0.47803,  0.54688,  0.47803,  0.54688,  0.47803,  0.54688,  0.96686,  0.03314,  0.00,  0.00, 2, 3, 0, 0
139, 36,  0.52134,  1.92914, -0.44248, -0.78516,  0.33105,  0.52295,  0.00,  1.00,  1.00,  1.00,  1.00,  1.19209E-07,  0.61572,  1.19209E-07,  0.61572,  1.19209E-07,  0.61572,  0.65686,  0.34314,  0.00,  0.00, 2, 3, 0, 0
140, 37,  0.49857,  1.86049, -0.43256, -0.77197,  0.3606,  0.52393,  0.00,  1.00,  1.00,  1.00,  1.00,  0.47803,  0.61572,  0.47803,  0.61572,  0.47803,  0.61572,  0.65499,  0.34501,  0.00,  0.00, 2, 3, 0, 0
141, 35,  0.50853,  1.74512, -0.32532, -0.89844,  0.30786,  0.31299,  0.00,  1.00,  1.00,  1.00,  1.00,  1.00,  0.54688,  1.00,  0.54688,  1.00,  0.54688,  0.96292,  0.03708,  0.00,  0.00, 2, 3, 0, 0
142, 37,  0.49857,  1.86049, -0.43256, -0.77197,  0.3606,  0.52393,  0.00,  1.00,  1.00,  1.00,  1.00,  0.47803,  0.61572,  0.47803,  0.61572,  0.47803,  0.61572,  0.65499,  0.34501,  0.00,  0.00, 2, 3, 0, 0
143, 38,  0.47299,  1.78776, -0.41262, -0.7583,  0.38696,  0.5249,  0.00,  1.00,  1.00,  1.00,  1.00,  1.00,  0.61572,  1.00,  0.61572,  1.00,  0.61572,  0.61079,  0.38921,  0.00,  0.00, 2, 3, 0, 0
144, 36,  0.52134,  1.92914, -0.44248, -0.78516,  0.33105,  0.52295,  0.00,  1.00,  1.00,  1.00,  1.00,  1.19209E-07,  0.61572,  1.19209E-07,  0.61572,  1.19209E-07,  0.61572,  0.65686,  0.34314,  0.00,  0.00, 2, 3, 0, 0
145, 39,  0.4438,  1.90094, -0.52127, -0.64697,  0.38281,  0.65967,  0.00,  1.00,  1.00,  1.00,  1.00,  0.47803,  0.68799,  0.47803,  0.68799,  0.47803,  0.68799,  0.89525,  0.10475,  0.00,  0.00, 3, 2, 0, 0
146, 37,  0.49857,  1.86049, -0.43256, -0.77197,  0.3606,  0.52393,  0.00,  1.00,  1.00,  1.00,  1.00,  0.47803,  0.61572,  0.47803,  0.61572,  0.47803,  0.61572,  0.65499,  0.34501,  0.00,  0.00, 2, 3, 0, 0
147, 39,  0.4438,  1.90094, -0.52127, -0.64697,  0.38281,  0.65967,  0.00,  1.00,  1.00,  1.00,  1.00,  0.47803,  0.68799,  0.47803,  0.68799,  0.47803,  0.68799,  0.89525,  0.10475,  0.00,  0.00, 3, 2, 0, 0
148, 38,  0.47299,  1.78776, -0.41262, -0.7583,  0.38696,  0.5249,  0.00,  1.00,  1.00,  1.00,  1.00,  1.00,  0.61572,  1.00,  0.61572,  1.00,  0.61572,  0.61079,  0.38921,  0.00,  0.00, 2, 3, 0, 0
149, 37,  0.49857,  1.86049, -0.43256, -0.77197,  0.3606,  0.52393,  0.00,  1.00,  1.00,  1.00,  1.00,  0.47803,  0.61572,  0.47803,  0.61572,  0.47803,  0.61572,  0.65499,  0.34501,  0.00,  0.00, 2, 3, 0, 0
150, 36,  0.52134,  1.92914, -0.44248, -0.78516,  0.33105,  0.52295,  0.00,  1.00,  1.00,  1.00,  1.00,  1.19209E-07,  0.61572,  1.19209E-07,  0.61572,  1.19209E-07,  0.61572,  0.65686,  0.34314,  0.00,  0.00, 2, 3, 0, 0
151, 40,  0.4659,  1.96805, -0.53506, -0.65771,  0.35474,  0.66455,  0.00,  1.00,  1.00,  1.00,  1.00,  1.19209E-07,  0.68799,  1.19209E-07,  0.68799,  1.19209E-07,  0.68799,  0.75575,  0.24425,  0.00,  0.00, 3, 2, 0, 0
152, 39,  0.4438,  1.90094, -0.52127, -0.64697,  0.38281,  0.65967,  0.00,  1.00,  1.00,  1.00,  1.00,  0.47803,  0.68799,  0.47803,  0.68799,  0.47803,  0.68799,  0.89525,  0.10475,  0.00,  0.00, 3, 2, 0, 0
153, 39,  0.4438,  1.90094, -0.52127, -0.64697,  0.38281,  0.65967,  0.00,  1.00,  1.00,  1.00,  1.00,  0.47803,  0.68799,  0.47803,  0.68799,  0.47803,  0.68799,  0.89525,  0.10475,  0.00,  0.00, 3, 2, 0, 0
154, 41,  0.42004,  1.82933, -0.49848, -0.63574,  0.41406,  0.65137,  0.00,  1.00,  1.00,  1.00,  1.00,  1.00,  0.68799,  1.00,  0.68799,  1.00,  0.68799,  0.89899,  0.10101,  0.00,  0.00, 3, 2, 0, 0
155, 38,  0.47299,  1.78776, -0.41262, -0.7583,  0.38696,  0.5249,  0.00,  1.00,  1.00,  1.00,  1.00,  1.00,  0.61572,  1.00,  0.61572,  1.00,  0.61572,  0.61079,  0.38921,  0.00,  0.00, 2, 3, 0, 0
156, 39,  0.4438,  1.90094, -0.52127, -0.64697,  0.38281,  0.65967,  0.00,  1.00,  1.00,  1.00,  1.00,  0.47803,  0.68799,  0.47803,  0.68799,  0.47803,  0.68799,  0.89525,  0.10475,  0.00,  0.00, 3, 2, 0, 0
157, 40,  0.4659,  1.96805, -0.53506, -0.65771,  0.35474,  0.66455,  0.00,  1.00,  1.00,  1.00,  1.00,  1.19209E-07,  0.68799,  1.19209E-07,  0.68799,  1.19209E-07,  0.68799,  0.75575,  0.24425,  0.00,  0.00, 3, 2, 0, 0
158, 42,  0.39205,  2.00225, -0.61677, -0.54199,  0.37524,  0.75195,  0.00,  1.00,  1.00,  1.00,  1.00,  1.19209E-07,  0.75879,  1.19209E-07,  0.75879,  1.19209E-07,  0.75879,  0.99109,  0.00891,  0.00,  0.00, 3, 4, 0, 0
159, 41,  0.42004,  1.82933, -0.49848, -0.63574,  0.41406,  0.65137,  0.00,  1.00,  1.00,  1.00,  1.00,  1.00,  0.68799,  1.00,  0.68799,  1.00,  0.68799,  0.89899,  0.10101,  0.00,  0.00, 3, 2, 0, 0
160, 39,  0.4438,  1.90094, -0.52127, -0.64697,  0.38281,  0.65967,  0.00,  1.00,  1.00,  1.00,  1.00,  0.47803,  0.68799,  0.47803,  0.68799,  0.47803,  0.68799,  0.89525,  0.10475,  0.00,  0.00, 3, 2, 0, 0
161, 43,  0.37252,  1.93599, -0.59839, -0.53125,  0.39526,  0.74951,  0.00,  1.00,  1.00,  1.00,  1.00,  0.47803,  0.75879,  0.47803,  0.75879,  0.47803,  0.75879,  0.9904,  0.0096,  0.00,  0.00, 3, 4, 0, 0
162, 39,  0.4438,  1.90094, -0.52127, -0.64697,  0.38281,  0.65967,  0.00,  1.00,  1.00,  1.00,  1.00,  0.47803,  0.68799,  0.47803,  0.68799,  0.47803,  0.68799,  0.89525,  0.10475,  0.00,  0.00, 3, 2, 0, 0
163, 42,  0.39205,  2.00225, -0.61677, -0.54199,  0.37524,  0.75195,  0.00,  1.00,  1.00,  1.00,  1.00,  1.19209E-07,  0.75879,  1.19209E-07,  0.75879,  1.19209E-07,  0.75879,  0.99109,  0.00891,  0.00,  0.00, 3, 4, 0, 0
164, 43,  0.37252,  1.93599, -0.59839, -0.53125,  0.39526,  0.74951,  0.00,  1.00,  1.00,  1.00,  1.00,  0.47803,  0.75879,  0.47803,  0.75879,  0.47803,  0.75879,  0.9904,  0.0096,  0.00,  0.00, 3, 4, 0, 0
165, 41,  0.42004,  1.82933, -0.49848, -0.63574,  0.41406,  0.65137,  0.00,  1.00,  1.00,  1.00,  1.00,  1.00,  0.68799,  1.00,  0.68799,  1.00,  0.68799,  0.89899,  0.10101,  0.00,  0.00, 3, 2, 0, 0
166, 43,  0.37252,  1.93599, -0.59839, -0.53125,  0.39526,  0.74951,  0.00,  1.00,  1.00,  1.00,  1.00,  0.47803,  0.75879,  0.47803,  0.75879,  0.47803,  0.75879,  0.9904,  0.0096,  0.00,  0.00, 3, 4, 0, 0
167, 44,  0.35196,  1.86445, -0.57305, -0.521,  0.41895,  0.74365,  0.00,  1.00,  1.00,  1.00,  1.00,  1.00,  0.75879,  1.00,  0.75879,  1.00,  0.75879,  0.99197,  0.00803,  0.00,  0.00, 3, 4, 0, 0
168, 42,  0.39205,  2.00225, -0.61677, -0.54199,  0.37524,  0.75195,  0.00,  1.00,  1.00,  1.00,  1.00,  1.19209E-07,  0.75879,  1.19209E-07,  0.75879,  1.19209E-07,  0.75879,  0.99109,  0.00891,  0.00,  0.00, 3, 4, 0, 0
169, 45,  0.28914,  1.96139, -0.66162, -0.39014,  0.4209,  0.81885,  0.00,  1.00,  1.00,  1.00,  1.00,  0.47803,  0.82422,  0.47803,  0.82422,  0.47803,  0.82422,  0.84852,  0.15148,  0.00,  0.00, 3, 4, 0, 0
170, 43,  0.37252,  1.93599, -0.59839, -0.53125,  0.39526,  0.74951,  0.00,  1.00,  1.00,  1.00,  1.00,  0.47803,  0.75879,  0.47803,  0.75879,  0.47803,  0.75879,  0.9904,  0.0096,  0.00,  0.00, 3, 4, 0, 0
171, 45,  0.28914,  1.96139, -0.66162, -0.39014,  0.4209,  0.81885,  0.00,  1.00,  1.00,  1.00,  1.00,  0.47803,  0.82422,  0.47803,  0.82422,  0.47803,  0.82422,  0.84852,  0.15148,  0.00,  0.00, 3, 4, 0, 0
172, 44,  0.35196,  1.86445, -0.57305, -0.521,  0.41895,  0.74365,  0.00,  1.00,  1.00,  1.00,  1.00,  1.00,  0.75879,  1.00,  0.75879,  1.00,  0.75879,  0.99197,  0.00803,  0.00,  0.00, 3, 4, 0, 0
173, 43,  0.37252,  1.93599, -0.59839, -0.53125,  0.39526,  0.74951,  0.00,  1.00,  1.00,  1.00,  1.00,  0.47803,  0.75879,  0.47803,  0.75879,  0.47803,  0.75879,  0.9904,  0.0096,  0.00,  0.00, 3, 4, 0, 0
174, 42,  0.39205,  2.00225, -0.61677, -0.54199,  0.37524,  0.75195,  0.00,  1.00,  1.00,  1.00,  1.00,  1.19209E-07,  0.75879,  1.19209E-07,  0.75879,  1.19209E-07,  0.75879,  0.99109,  0.00891,  0.00,  0.00, 3, 4, 0, 0
175, 46,  0.3044,  2.02747, -0.68659, -0.40063,  0.40576,  0.82129,  0.00,  1.00,  1.00,  1.00,  1.00,  1.19209E-07,  0.82422,  1.19209E-07,  0.82422,  1.19209E-07,  0.82422,  0.8528,  0.1472,  0.00,  0.00, 3, 4, 0, 0
176, 45,  0.28914,  1.96139, -0.66162, -0.39014,  0.4209,  0.81885,  0.00,  1.00,  1.00,  1.00,  1.00,  0.47803,  0.82422,  0.47803,  0.82422,  0.47803,  0.82422,  0.84852,  0.15148,  0.00,  0.00, 3, 4, 0, 0
177, 45,  0.28914,  1.96139, -0.66162, -0.39014,  0.4209,  0.81885,  0.00,  1.00,  1.00,  1.00,  1.00,  0.47803,  0.82422,  0.47803,  0.82422,  0.47803,  0.82422,  0.84852,  0.15148,  0.00,  0.00, 3, 4, 0, 0
178, 47,  0.27319,  1.88971, -0.63092, -0.37939,  0.43774,  0.81494,  0.00,  1.00,  1.00,  1.00,  1.00,  1.00,  0.82422,  1.00,  0.82422,  1.00,  0.82422,  0.86186,  0.13814,  0.00,  0.00, 3, 4, 0, 0
179, 44,  0.35196,  1.86445, -0.57305, -0.521,  0.41895,  0.74365,  0.00,  1.00,  1.00,  1.00,  1.00,  1.00,  0.75879,  1.00,  0.75879,  1.00,  0.75879,  0.99197,  0.00803,  0.00,  0.00, 3, 4, 0, 0
180, 46,  0.3044,  2.02747, -0.68659, -0.40063,  0.40576,  0.82129,  0.00,  1.00,  1.00,  1.00,  1.00,  1.19209E-07,  0.82422,  1.19209E-07,  0.82422,  1.19209E-07,  0.82422,  0.8528,  0.1472,  0.00,  0.00, 3, 4, 0, 0
181, 48,  0.19443,  1.97685, -0.70362, -0.2113,  0.45728,  0.86377,  0.00,  1.00,  1.00,  1.00,  1.00,  0.47803,  0.88623,  0.47803,  0.88623,  0.47803,  0.88623,  0.57943,  0.42057,  0.00,  0.00, 3, 4, 0, 0
182, 45,  0.28914,  1.96139, -0.66162, -0.39014,  0.4209,  0.81885,  0.00,  1.00,  1.00,  1.00,  1.00,  0.47803,  0.82422,  0.47803,  0.82422,  0.47803,  0.82422,  0.84852,  0.15148,  0.00,  0.00, 3, 4, 0, 0
183, 48,  0.19443,  1.97685, -0.70362, -0.2113,  0.45728,  0.86377,  0.00,  1.00,  1.00,  1.00,  1.00,  0.47803,  0.88623,  0.47803,  0.88623,  0.47803,  0.88623,  0.57943,  0.42057,  0.00,  0.00, 3, 4, 0, 0
184, 47,  0.27319,  1.88971, -0.63092, -0.37939,  0.43774,  0.81494,  0.00,  1.00,  1.00,  1.00,  1.00,  1.00,  0.82422,  1.00,  0.82422,  1.00,  0.82422,  0.86186,  0.13814,  0.00,  0.00, 3, 4, 0, 0
185, 45,  0.28914,  1.96139, -0.66162, -0.39014,  0.4209,  0.81885,  0.00,  1.00,  1.00,  1.00,  1.00,  0.47803,  0.82422,  0.47803,  0.82422,  0.47803,  0.82422,  0.84852,  0.15148,  0.00,  0.00, 3, 4, 0, 0
186, 46,  0.3044,  2.02747, -0.68659, -0.40063,  0.40576,  0.82129,  0.00,  1.00,  1.00,  1.00,  1.00,  1.19209E-07,  0.82422,  1.19209E-07,  0.82422,  1.19209E-07,  0.82422,  0.8528,  0.1472,  0.00,  0.00, 3, 4, 0, 0
187, 49,  0.20435,  2.04316, -0.73448, -0.22705,  0.44092,  0.86816,  0.00,  1.00,  1.00,  1.00,  1.00,  1.19209E-07,  0.88623,  1.19209E-07,  0.88623,  1.19209E-07,  0.88623,  0.57316,  0.42684,  0.00,  0.00, 3, 4, 0, 0
188, 48,  0.19443,  1.97685, -0.70362, -0.2113,  0.45728,  0.86377,  0.00,  1.00,  1.00,  1.00,  1.00,  0.47803,  0.88623,  0.47803,  0.88623,  0.47803,  0.88623,  0.57943,  0.42057,  0.00,  0.00, 3, 4, 0, 0
189, 48,  0.19443,  1.97685, -0.70362, -0.2113,  0.45728,  0.86377,  0.00,  1.00,  1.00,  1.00,  1.00,  0.47803,  0.88623,  0.47803,  0.88623,  0.47803,  0.88623,  0.57943,  0.42057,  0.00,  0.00, 3, 4, 0, 0
190, 50,  0.18402,  1.90602, -0.66688, -0.19299,  0.47485,  0.85889,  0.00,  1.00,  1.00,  1.00,  1.00,  1.00,  0.88623,  1.00,  0.88623,  1.00,  0.88623,  0.59883,  0.40117,  0.00,  0.00, 3, 4, 0, 0
191, 47,  0.27319,  1.88971, -0.63092, -0.37939,  0.43774,  0.81494,  0.00,  1.00,  1.00,  1.00,  1.00,  1.00,  0.82422,  1.00,  0.82422,  1.00,  0.82422,  0.86186,  0.13814,  0.00,  0.00, 3, 4, 0, 0
192, 49,  0.20435,  2.04316, -0.73448, -0.22705,  0.44092,  0.86816,  0.00,  1.00,  1.00,  1.00,  1.00,  1.19209E-07,  0.88623,  1.19209E-07,  0.88623,  1.19209E-07,  0.88623,  0.57316,  0.42684,  0.00,  0.00, 3, 4, 0, 0
193, 51,  0.09772,  1.98264, -0.72004, -0.02933,  0.49048,  0.87109,  0.00,  1.00,  1.00,  1.00,  1.00,  0.47803,  0.94336,  0.47803,  0.94336,  0.47803,  0.94336,  0.73808,  0.26192,  0.00,  0.00, 4, 3, 0, 0
194, 48,  0.19443,  1.97685, -0.70362, -0.2113,  0.45728,  0.86377,  0.00,  1.00,  1.00,  1.00,  1.00,  0.47803,  0.88623,  0.47803,  0.88623,  0.47803,  0.88623,  0.57943,  0.42057,  0.00,  0.00, 3, 4, 0, 0
195, 51,  0.09772,  1.98264, -0.72004, -0.02933,  0.49048,  0.87109,  0.00,  1.00,  1.00,  1.00,  1.00,  0.47803,  0.94336,  0.47803,  0.94336,  0.47803,  0.94336,  0.73808,  0.26192,  0.00,  0.00, 4, 3, 0, 0
196, 50,  0.18402,  1.90602, -0.66688, -0.19299,  0.47485,  0.85889,  0.00,  1.00,  1.00,  1.00,  1.00,  1.00,  0.88623,  1.00,  0.88623,  1.00,  0.88623,  0.59883,  0.40117,  0.00,  0.00, 3, 4, 0, 0
197, 48,  0.19443,  1.97685, -0.70362, -0.2113,  0.45728,  0.86377,  0.00,  1.00,  1.00,  1.00,  1.00,  0.47803,  0.88623,  0.47803,  0.88623,  0.47803,  0.88623,  0.57943,  0.42057,  0.00,  0.00, 3, 4, 0, 0
198, 49,  0.20435,  2.04316, -0.73448, -0.22705,  0.44092,  0.86816,  0.00,  1.00,  1.00,  1.00,  1.00,  1.19209E-07,  0.88623,  1.19209E-07,  0.88623,  1.19209E-07,  0.88623,  0.57316,  0.42684,  0.00,  0.00, 3, 4, 0, 0
199, 52,  0.1021,  2.04947, -0.75599, -0.04379,  0.47046,  0.88135,  0.00,  1.00,  1.00,  1.00,  1.00,  1.19209E-07,  0.94336,  1.19209E-07,  0.94336,  1.19209E-07,  0.94336,  0.75064,  0.24936,  0.00,  0.00, 4, 3, 0, 0
200, 51,  0.09772,  1.98264, -0.72004, -0.02933,  0.49048,  0.87109,  0.00,  1.00,  1.00,  1.00,  1.00,  0.47803,  0.94336,  0.47803,  0.94336,  0.47803,  0.94336,  0.73808,  0.26192,  0.00,  0.00, 4, 3, 0, 0
201, 51,  0.09772,  1.98264, -0.72004, -0.02933,  0.49048,  0.87109,  0.00,  1.00,  1.00,  1.00,  1.00,  0.47803,  0.94336,  0.47803,  0.94336,  0.47803,  0.94336,  0.73808,  0.26192,  0.00,  0.00, 4, 3, 0, 0
202, 52,  0.1021,  2.04947, -0.75599, -0.04379,  0.47046,  0.88135,  0.00,  1.00,  1.00,  1.00,  1.00,  1.19209E-07,  0.94336,  1.19209E-07,  0.94336,  1.19209E-07,  0.94336,  0.75064,  0.24936,  0.00,  0.00, 4, 3, 0, 0
203, 53, -2.83260E-08,  2.05233, -0.7527,  0.00,  0.48071,  0.87695,  0.00,  1.00,  1.00,  1.00,  1.00,  1.19209E-07,  0.99951,  1.19209E-07,  0.99951,  1.19209E-07,  0.99951,  0.95946,  0.0304,  0.01015,  0.00, 4, 3, 5, 0
204, 51,  0.09772,  1.98264, -0.72004, -0.02933,  0.49048,  0.87109,  0.00,  1.00,  1.00,  1.00,  1.00,  0.47803,  0.94336,  0.47803,  0.94336,  0.47803,  0.94336,  0.73808,  0.26192,  0.00,  0.00, 4, 3, 0, 0
205, 53, -2.83260E-08,  2.05233, -0.7527,  0.00,  0.48071,  0.87695,  0.00,  1.00,  1.00,  1.00,  1.00,  1.19209E-07,  0.99951,  1.19209E-07,  0.99951,  1.19209E-07,  0.99951,  0.95946,  0.0304,  0.01015,  0.00, 4, 3, 5, 0
206, 54, -3.40386E-08,  1.98504, -0.71487,  0.00,  0.50391,  0.86377,  0.00,  1.00,  1.00,  1.00,  1.00,  0.47803,  1.00,  0.47803,  1.00,  0.47803,  1.00,  0.95259,  0.03787,  0.00954,  0.00, 4, 3, 5, 0
207, 51,  0.09772,  1.98264, -0.72004, -0.02933,  0.49048,  0.87109,  0.00,  1.00,  1.00,  1.00,  1.00,  0.47803,  0.94336,  0.47803,  0.94336,  0.47803,  0.94336,  0.73808,  0.26192,  0.00,  0.00, 4, 3, 0, 0
208, 55,  0.09339,  1.91345, -0.67805, -0.01251,  0.51172,  0.85889,  0.00,  1.00,  1.00,  1.00,  1.00,  1.00,  0.94336,  1.00,  0.94336,  1.00,  0.94336,  0.71453,  0.28547,  0.00,  0.00, 4, 3, 0, 0
209, 50,  0.18402,  1.90602, -0.66688, -0.19299,  0.47485,  0.85889,  0.00,  1.00,  1.00,  1.00,  1.00,  1.00,  0.88623,  1.00,  0.88623,  1.00,  0.88623,  0.59883,  0.40117,  0.00,  0.00, 3, 4, 0, 0
210, 55,  0.09339,  1.91345, -0.67805, -0.01251,  0.51172,  0.85889,  0.00,  1.00,  1.00,  1.00,  1.00,  1.00,  0.94336,  1.00,  0.94336,  1.00,  0.94336,  0.71453,  0.28547,  0.00,  0.00, 4, 3, 0, 0
211, 51,  0.09772,  1.98264, -0.72004, -0.02933,  0.49048,  0.87109,  0.00,  1.00,  1.00,  1.00,  1.00,  0.47803,  0.94336,  0.47803,  0.94336,  0.47803,  0.94336,  0.73808,  0.26192,  0.00,  0.00, 4, 3, 0, 0
212, 54, -3.40386E-08,  1.98504, -0.71487,  0.00,  0.50391,  0.86377,  0.00,  1.00,  1.00,  1.00,  1.00,  0.47803,  1.00,  0.47803,  1.00,  0.47803,  1.00,  0.95259,  0.03787,  0.00954,  0.00, 4, 3, 5, 0
213, 55,  0.09339,  1.91345, -0.67805, -0.01251,  0.51172,  0.85889,  0.00,  1.00,  1.00,  1.00,  1.00,  1.00,  0.94336,  1.00,  0.94336,  1.00,  0.94336,  0.71453,  0.28547,  0.00,  0.00, 4, 3, 0, 0
214, 54, -3.40386E-08,  1.98504, -0.71487,  0.00,  0.50391,  0.86377,  0.00,  1.00,  1.00,  1.00,  1.00,  0.47803,  1.00,  0.47803,  1.00,  0.47803,  1.00,  0.95259,  0.03787,  0.00954,  0.00, 4, 3, 5, 0
215, 56, -3.69746E-08,  1.95447, -0.69542,  0.00,  0.52637,  0.85059,  0.00,  1.00,  1.00,  1.00,  1.00,  0.70996,  1.00,  0.70996,  1.00,  0.70996,  1.00,  0.95079,  0.04027,  0.00894,  0.00, 4, 3, 5, 0
216, 56, -3.69746E-08,  1.95447, -0.69542,  0.00,  0.52637,  0.85059,  0.00,  1.00,  1.00,  1.00,  1.00,  0.70996,  1.00,  0.70996,  1.00,  0.70996,  1.00,  0.95079,  0.04027,  0.00894,  0.00, 4, 3, 5, 0
217, 57, -4.06402E-08,  1.91628, -0.67115,  0.00,  0.52637,  0.85059,  0.00,  1.00,  1.00,  1.00,  1.00,  1.00,  1.00,  1.00,  1.00,  1.00,  1.00,  0.94919,  0.04182,  0.009,  0.00, 4, 3, 5, 0
218, 55,  0.09339,  1.91345, -0.67805, -0.01251,  0.51172,  0.85889,  0.00,  1.00,  1.00,  1.00,  1.00,  1.00,  0.94336,  1.00,  0.94336,  1.00,  0.94336,  0.71453,  0.28547,  0.00,  0.00, 4, 3, 0, 0
219, 58, -0.18816,  1.41022,  0.08144, -0.66211, -0.09161, -0.74365,  0.00,  1.00,  1.00,  1.00,  1.00,  0.47803, -2.14577E-06,  0.47803, -2.14577E-06,  0.47803, -2.14577E-06,  0.53567,  0.46433,  0.00,  0.00, 8, 6, 0, 0
220, 59, -0.17446,  1.46982,  0.05064, -0.74365, -0.17151, -0.64648,  0.00,  1.00,  1.00,  1.00,  1.00,  1.78814E-07,  0.04916,  1.78814E-07,  0.04916,  1.78814E-07,  0.04916,  0.6499,  0.3501,  0.00,  0.00, 6, 8, 0, 0
221, 60, -0.16321,  1.42248,  0.04127, -0.79639, -0.12299, -0.59229,  0.00,  1.00,  1.00,  1.00,  1.00,  0.00, -2.14577E-06,  0.00, -2.14577E-06,  0.00, -2.14577E-06,  0.51551,  0.48449,  0.00,  0.00, 8, 6, 0, 0
222, 58, -0.18816,  1.41022,  0.08144, -0.66211, -0.09161, -0.74365,  0.00,  1.00,  1.00,  1.00,  1.00,  0.47803, -2.14577E-06,  0.47803, -2.14577E-06,  0.47803, -2.14577E-06,  0.53567,  0.46433,  0.00,  0.00, 8, 6, 0, 0
223, 61, -0.205,  1.45178,  0.09137, -0.58252, -0.13965, -0.80078,  0.00,  1.00,  1.00,  1.00,  1.00,  0.47803,  0.04916,  0.47803,  0.04916,  0.47803,  0.04916,  0.62646,  0.37354,  0.00,  0.00, 6, 8, 0, 0
224, 59, -0.17446,  1.46982,  0.05064, -0.74365, -0.17151, -0.64648,  0.00,  1.00,  1.00,  1.00,  1.00,  1.78814E-07,  0.04916,  1.78814E-07,  0.04916,  1.78814E-07,  0.04916,  0.6499,  0.3501,  0.00,  0.00, 6, 8, 0, 0
225, 62, -0.20904,  1.39402,  0.09743, -0.4978, -0.05585, -0.86523,  0.00,  1.00,  1.00,  1.00,  1.00,  1.00, -2.14577E-06,  1.00, -2.14577E-06,  1.00, -2.14577E-06,  0.58276,  0.41724,  0.00,  0.00, 8, 6, 0, 0
226, 61, -0.205,  1.45178,  0.09137, -0.58252, -0.13965, -0.80078,  0.00,  1.00,  1.00,  1.00,  1.00,  0.47803,  0.04916,  0.47803,  0.04916,  0.47803,  0.04916,  0.62646,  0.37354,  0.00,  0.00, 6, 8, 0, 0
227, 58, -0.18816,  1.41022,  0.08144, -0.66211, -0.09161, -0.74365,  0.00,  1.00,  1.00,  1.00,  1.00,  0.47803, -2.14577E-06,  0.47803, -2.14577E-06,  0.47803, -2.14577E-06,  0.53567,  0.46433,  0.00,  0.00, 8, 6, 0, 0
228, 62, -0.20904,  1.39402,  0.09743, -0.4978, -0.05585, -0.86523,  0.00,  1.00,  1.00,  1.00,  1.00,  1.00, -2.14577E-06,  1.00, -2.14577E-06,  1.00, -2.14577E-06,  0.58276,  0.41724,  0.00,  0.00, 8, 6, 0, 0
229, 63, -0.23282,  1.42957,  0.10588, -0.40527, -0.09729, -0.90918,  0.00,  1.00,  1.00,  1.00,  1.00,  1.00,  0.04916,  1.00,  0.04916,  1.00,  0.04916,  0.57221,  0.42779,  0.00,  0.00, 6, 8, 0, 0
230, 61, -0.205,  1.45178,  0.09137, -0.58252, -0.13965, -0.80078,  0.00,  1.00,  1.00,  1.00,  1.00,  0.47803,  0.04916,  0.47803,  0.04916,  0.47803,  0.04916,  0.62646,  0.37354,  0.00,  0.00, 6, 8, 0, 0
231, 59, -0.17446,  1.46982,  0.05064, -0.74365, -0.17151, -0.64648,  0.00,  1.00,  1.00,  1.00,  1.00,  1.78814E-07,  0.04916,  1.78814E-07,  0.04916,  1.78814E-07,  0.04916,  0.6499,  0.3501,  0.00,  0.00, 6, 8, 0, 0
232, 61, -0.205,  1.45178,  0.09137, -0.58252, -0.13965, -0.80078,  0.00,  1.00,  1.00,  1.00,  1.00,  0.47803,  0.04916,  0.47803,  0.04916,  0.47803,  0.04916,  0.62646,  0.37354,  0.00,  0.00, 6, 8, 0, 0
233, 64, -0.22472,  1.49087,  0.09425, -0.34106, -0.32275, -0.88281,  0.00,  1.00,  1.00,  1.00,  1.00,  0.47803,  0.09143,  0.47803,  0.09143,  0.47803,  0.09143,  0.74359,  0.25641,  0.00,  0.00, 6, 8, 0, 0
234, 63, -0.23282,  1.42957,  0.10588, -0.40527, -0.09729, -0.90918,  0.00,  1.00,  1.00,  1.00,  1.00,  1.00,  0.04916,  1.00,  0.04916,  1.00,  0.04916,  0.57221,  0.42779,  0.00,  0.00, 6, 8, 0, 0
235, 64, -0.22472,  1.49087,  0.09425, -0.34106, -0.32275, -0.88281,  0.00,  1.00,  1.00,  1.00,  1.00,  0.47803,  0.09143,  0.47803,  0.09143,  0.47803,  0.09143,  0.74359,  0.25641,  0.00,  0.00, 6, 8, 0, 0
236, 61, -0.205,  1.45178,  0.09137, -0.58252, -0.13965, -0.80078,  0.00,  1.00,  1.00,  1.00,  1.00,  0.47803,  0.04916,  0.47803,  0.04916,  0.47803,  0.04916,  0.62646,  0.37354,  0.00,  0.00, 6, 8, 0, 0
237, 63, -0.23282,  1.42957,  0.10588, -0.40527, -0.09729, -0.90918,  0.00,  1.00,  1.00,  1.00,  1.00,  1.00,  0.04916,  1.00,  0.04916,  1.00,  0.04916,  0.57221,  0.42779,  0.00,  0.00, 6, 8, 0, 0
238, 65, -0.25743,  1.46296,  0.10676, -0.13, -0.26978, -0.9541,  0.00,  1.00,  1.00,  1.00,  1.00,  1.00,  0.09143,  1.00,  0.09143,  1.00,  0.09143,  0.70776,  0.29224,  0.00,  0.00, 6, 8, 0, 0
239, 64, -0.22472,  1.49087,  0.09425, -0.34106, -0.32275, -0.88281,  0.00,  1.00,  1.00,  1.00,  1.00,  0.47803,  0.09143,  0.47803,  0.09143,  0.47803,  0.09143,  0.74359,  0.25641,  0.00,  0.00, 6, 8, 0, 0
240, 59, -0.17446,  1.46982,  0.05064, -0.74365, -0.17151, -0.64648,  0.00,  1.00,  1.00,  1.00,  1.00,  1.78814E-07,  0.04916,  1.78814E-07,  0.04916,  1.78814E-07,  0.04916,  0.6499,  0.3501,  0.00,  0.00, 6, 8, 0, 0
241, 64, -0.22472,  1.49087,  0.09425, -0.34106, -0.32275, -0.88281,  0.00,  1.00,  1.00,  1.00,  1.00,  0.47803,  0.09143,  0.47803,  0.09143,  0.47803,  0.09143,  0.74359,  0.25641,  0.00,  0.00, 6, 8, 0, 0
242, 66, -0.18841,  1.51607,  0.05484, -0.52734, -0.3606, -0.76953,  0.00,  1.00,  1.00,  1.00,  1.00,  0.00,  0.09143,  0.00,  0.09143,  0.00,  0.09143,  0.76779,  0.23221,  0.00,  0.00, 6, 8, 0, 0
243, 64, -0.22472,  1.49087,  0.09425, -0.34106, -0.32275, -0.88281,  0.00,  1.00,  1.00,  1.00,  1.00,  0.47803,  0.09143,  0.47803,  0.09143,  0.47803,  0.09143,  0.74359,  0.25641,  0.00,  0.00, 6, 8, 0, 0
244, 65, -0.25743,  1.46296,  0.10676, -0.13, -0.26978, -0.9541,  0.00,  1.00,  1.00,  1.00,  1.00,  1.00,  0.09143,  1.00,  0.09143,  1.00,  0.09143,  0.70776,  0.29224,  0.00,  0.00, 6, 8, 0, 0
245, 67, -0.28529,  1.49266,  0.08894,  0.18152, -0.42065, -0.88867,  0.00,  1.00,  1.00,  1.00,  1.00,  1.00,  0.13184,  1.00,  0.13184,  1.00,  0.13184,  0.84089,  0.15911,  0.00,  0.00, 6, 8, 0, 0
246, 66, -0.18841,  1.51607,  0.05484, -0.52734, -0.3606, -0.76953,  0.00,  1.00,  1.00,  1.00,  1.00,  0.00,  0.09143,  0.00,  0.09143,  0.00,  0.09143,  0.76779,  0.23221,  0.00,  0.00, 6, 8, 0, 0
247, 64, -0.22472,  1.49087,  0.09425, -0.34106, -0.32275, -0.88281,  0.00,  1.00,  1.00,  1.00,  1.00,  0.47803,  0.09143,  0.47803,  0.09143,  0.47803,  0.09143,  0.74359,  0.25641,  0.00,  0.00, 6, 8, 0, 0
248, 68, -0.25249,  1.52577,  0.07981, -0.02751, -0.46899, -0.88281,  0.00,  1.00,  1.00,  1.00,  1.00,  0.47803,  0.13184,  0.47803,  0.13184,  0.47803,  0.13184,  0.8491,  0.1509,  0.00,  0.00, 6, 8, 0, 0
249, 64, -0.22472,  1.49087,  0.09425, -0.34106, -0.32275, -0.88281,  0.00,  1.00,  1.00,  1.00,  1.00,  0.47803,  0.09143,  0.47803,  0.09143,  0.47803,  0.09143,  0.74359,  0.25641,  0.00,  0.00, 6, 8, 0, 0
250, 67, -0.28529,  1.49266,  0.08894,  0.18152, -0.42065, -0.88867,  0.00,  1.00,  1.00,  1.00,  1.00,  1.00,  0.13184,  1.00,  0.13184,  1.00,  0.13184,  0.84089,  0.15911,  0.00,  0.00, 6, 8, 0, 0
251, 68, -0.25249,  1.52577,  0.07981, -0.02751, -0.46899, -0.88281,  0.00,  1.00,  1.00,  1.00,  1.00,  0.47803,  0.13184,  0.47803,  0.13184,  0.47803,  0.13184,  0.8491,  0.1509,  0.00,  0.00, 6, 8, 0, 0
252, 66, -0.18841,  1.51607,  0.05484, -0.52734, -0.3606, -0.76953,  0.00,  1.00,  1.00,  1.00,  1.00,  0.00,  0.09143,  0.00,  0.09143,  0.00,  0.09143,  0.76779,  0.23221,  0.00,  0.00, 6, 8, 0, 0
253, 68, -0.25249,  1.52577,  0.07981, -0.02751, -0.46899, -0.88281,  0.00,  1.00,  1.00,  1.00,  1.00,  0.47803,  0.13184,  0.47803,  0.13184,  0.47803,  0.13184,  0.8491,  0.1509,  0.00,  0.00, 6, 8, 0, 0
254, 69, -0.20923,  1.56105,  0.04661, -0.20679, -0.49707, -0.84277,  0.00,  1.00,  1.00,  1.00,  1.00,  0.00,  0.13184,  0.00,  0.13184,  0.00,  0.13184,  0.86125,  0.13875,  0.00,  0.00, 6, 8, 0, 0
255, 70, -0.31682,  1.51929,  0.06011,  0.28418, -0.36475, -0.88672,  0.00,  1.00,  1.00,  1.00,  1.00,  1.00,  0.17297,  1.00,  0.17297,  1.00,  0.17297,  0.94572,  0.05428,  0.00,  0.00, 6, 8, 0, 0
256, 68, -0.25249,  1.52577,  0.07981, -0.02751, -0.46899, -0.88281,  0.00,  1.00,  1.00,  1.00,  1.00,  0.47803,  0.13184,  0.47803,  0.13184,  0.47803,  0.13184,  0.8491,  0.1509,  0.00,  0.00, 6, 8, 0, 0
257, 67, -0.28529,  1.49266,  0.08894,  0.18152, -0.42065, -0.88867,  0.00,  1.00,  1.00,  1.00,  1.00,  1.00,  0.13184,  1.00,  0.13184,  1.00,  0.13184,  0.84089,  0.15911,  0.00,  0.00, 6, 8, 0, 0
258, 69, -0.20923,  1.56105,  0.04661, -0.20679, -0.49707, -0.84277,  0.00,  1.00,  1.00,  1.00,  1.00,  0.00,  0.13184,  0.00,  0.13184,  0.00,  0.13184,  0.86125,  0.13875,  0.00,  0.00, 6, 8, 0, 0
259, 68, -0.25249,  1.52577,  0.07981, -0.02751, -0.46899, -0.88281,  0.00,  1.00,  1.00,  1.00,  1.00,  0.47803,  0.13184,  0.47803,  0.13184,  0.47803,  0.13184,  0.8491,  0.1509,  0.00,  0.00, 6, 8, 0, 0
260, 71, -0.28473,  1.55961,  0.05438,  0.12091, -0.41284, -0.90283,  0.00,  1.00,  1.00,  1.00,  1.00,  0.47803,  0.17297,  0.47803,  0.17297,  0.47803,  0.17297,  0.95294,  0.04706,  0.00,  0.00, 6, 8, 0, 0
261, 70, -0.31682,  1.51929,  0.06011,  0.28418, -0.36475, -0.88672,  0.00,  1.00,  1.00,  1.00,  1.00,  1.00,  0.17297,  1.00,  0.17297,  1.00,  0.17297,  0.94572,  0.05428,  0.00,  0.00, 6, 8, 0, 0
262, 71, -0.28473,  1.55961,  0.05438,  0.12091, -0.41284, -0.90283,  0.00,  1.00,  1.00,  1.00,  1.00,  0.47803,  0.17297,  0.47803,  0.17297,  0.47803,  0.17297,  0.95294,  0.04706,  0.00,  0.00, 6, 8, 0, 0
263, 68, -0.25249,  1.52577,  0.07981, -0.02751, -0.46899, -0.88281,  0.00,  1.00,  1.00,  1.00,  1.00,  0.47803,  0.13184,  0.47803,  0.13184,  0.47803,  0.13184,  0.8491,  0.1509,  0.00,  0.00, 6, 8, 0, 0
264, 69, -0.20923,  1.56105,  0.04661, -0.20679, -0.49707, -0.84277,  0.00,  1.00,  1.00,  1.00,  1.00,  0.00,  0.13184,  0.00,  0.13184,  0.00,  0.13184,  0.86125,  0.13875,  0.00,  0.00, 6, 8, 0, 0
265, 71, -0.28473,  1.55961,  0.05438,  0.12091, -0.41284, -0.90283,  0.00,  1.00,  1.00,  1.00,  1.00,  0.47803,  0.17297,  0.47803,  0.17297,  0.47803,  0.17297,  0.95294,  0.04706,  0.00,  0.00, 6, 8, 0, 0
266, 72, -0.2384,  1.60441,  0.03131, -0.03081, -0.44629, -0.89453,  0.00,  1.00,  1.00,  1.00,  1.00,  1.78814E-07,  0.17297,  1.78814E-07,  0.17297,  1.78814E-07,  0.17297,  0.95671,  0.04329,  0.00,  0.00, 6, 8, 0, 0
267, 73, -0.28815,  1.66072,  0.01128,  0.09998, -0.37061, -0.92334,  0.00,  1.00,  1.00,  1.00,  1.00,  0.00,  0.22266,  0.00,  0.22266,  0.00,  0.22266,  0.89166,  0.10834,  0.00,  0.00, 6, 7, 0, 0
268, 72, -0.2384,  1.60441,  0.03131, -0.03081, -0.44629, -0.89453,  0.00,  1.00,  1.00,  1.00,  1.00,  1.78814E-07,  0.17297,  1.78814E-07,  0.17297,  1.78814E-07,  0.17297,  0.95671,  0.04329,  0.00,  0.00, 6, 8, 0, 0
269, 71, -0.28473,  1.55961,  0.05438,  0.12091, -0.41284, -0.90283,  0.00,  1.00,  1.00,  1.00,  1.00,  0.47803,  0.17297,  0.47803,  0.17297,  0.47803,  0.17297,  0.95294,  0.04706,  0.00,  0.00, 6, 8, 0, 0
270, 74, -0.33024,  1.6072,  0.02951,  0.21106, -0.32275, -0.92285,  0.00,  1.00,  1.00,  1.00,  1.00,  0.47803,  0.22266,  0.47803,  0.22266,  0.47803,  0.22266,  0.87837,  0.12163,  0.00,  0.00, 6, 7, 0, 0
271, 71, -0.28473,  1.55961,  0.05438,  0.12091, -0.41284, -0.90283,  0.00,  1.00,  1.00,  1.00,  1.00,  0.47803,  0.17297,  0.47803,  0.17297,  0.47803,  0.17297,  0.95294,  0.04706,  0.00,  0.00, 6, 8, 0, 0
272, 70, -0.31682,  1.51929,  0.06011,  0.28418, -0.36475, -0.88672,  0.00,  1.00,  1.00,  1.00,  1.00,  1.00,  0.17297,  1.00,  0.17297,  1.00,  0.17297,  0.94572,  0.05428,  0.00,  0.00, 6, 8, 0, 0
273, 73, -0.28815,  1.66072,  0.01128,  0.09998, -0.37061, -0.92334,  0.00,  1.00,  1.00,  1.00,  1.00,  0.00,  0.22266,  0.00,  0.22266,  0.00,  0.22266,  0.89166,  0.10834,  0.00,  0.00, 6, 7, 0, 0
274, 71, -0.28473,  1.55961,  0.05438,  0.12091, -0.41284, -0.90283,  0.00,  1.00,  1.00,  1.00,  1.00,  0.47803,  0.17297,  0.47803,  0.17297,  0.47803,  0.17297,  0.95294,  0.04706,  0.00,  0.00, 6, 8, 0, 0
275, 74, -0.33024,  1.6072,  0.02951,  0.21106, -0.32275, -0.92285,  0.00,  1.00,  1.00,  1.00,  1.00,  0.47803,  0.22266,  0.47803,  0.22266,  0.47803,  0.22266,  0.87837,  0.12163,  0.00,  0.00, 6, 7, 0, 0
276, 74, -0.33024,  1.6072,  0.02951,  0.21106, -0.32275, -0.92285,  0.00,  1.00,  1.00,  1.00,  1.00,  0.47803,  0.22266,  0.47803,  0.22266,  0.47803,  0.22266,  0.87837,  0.12163,  0.00,  0.00, 6, 7, 0, 0
277, 70, -0.31682,  1.51929,  0.06011,  0.28418, -0.36475, -0.88672,  0.00,  1.00,  1.00,  1.00,  1.00,  1.00,  0.17297,  1.00,  0.17297,  1.00,  0.17297,  0.94572,  0.05428,  0.00,  0.00, 6, 8, 0, 0
278, 75, -0.36118,  1.55352,  0.0346,  0.32788, -0.26465, -0.90674,  0.00,  1.00,  1.00,  1.00,  1.00,  1.00,  0.22266,  1.00,  0.22266,  1.00,  0.22266,  0.88,  0.11695,  0.00304,  0.00, 6, 7, 8, 0
279, 76, -0.35505,  1.71444, -0.01613,  0.28784, -0.30811, -0.90674,  0.00,  1.00,  1.00,  1.00,  1.00,  1.78814E-07,  0.27588,  1.78814E-07,  0.27588,  1.78814E-07,  0.27588,  0.57987,  0.42013,  0.00,  0.00, 6, 7, 0, 0
280, 73, -0.28815,  1.66072,  0.01128,  0.09998, -0.37061, -0.92334,  0.00,  1.00,  1.00,  1.00,  1.00,  0.00,  0.22266,  0.00,  0.22266,  0.00,  0.22266,  0.89166,  0.10834,  0.00,  0.00, 6, 7, 0, 0
281, 74, -0.33024,  1.6072,  0.02951,  0.21106, -0.32275, -0.92285,  0.00,  1.00,  1.00,  1.00,  1.00,  0.47803,  0.22266,  0.47803,  0.22266,  0.47803,  0.22266,  0.87837,  0.12163,  0.00,  0.00, 6, 7, 0, 0
282, 77, -0.38711,  1.6541, -0.00499,  0.38208, -0.26733, -0.88477,  0.00,  1.00,  1.00,  1.00,  1.00,  0.47803,  0.27588,  0.47803,  0.27588,  0.47803,  0.27588,  0.58129,  0.41871,  0.00,  0.00, 6, 7, 0, 0
283, 74, -0.33024,  1.6072,  0.02951,  0.21106, -0.32275, -0.92285,  0.00,  1.00,  1.00,  1.00,  1.00,  0.47803,  0.22266,  0.47803,  0.22266,  0.47803,  0.22266,  0.87837,  0.12163,  0.00,  0.00, 6, 7, 0, 0
284, 75, -0.36118,  1.55352,  0.0346,  0.32788, -0.26465, -0.90674,  0.00,  1.00,  1.00,  1.00,  1.00,  1.00,  0.22266,  1.00,  0.22266,  1.00,  0.22266,  0.88,  0.11695,  0.00304,  0.00, 6, 7, 8, 0
285, 76, -0.35505,  1.71444, -0.01613,  0.28784, -0.30811, -0.90674,  0.00,  1.00,  1.00,  1.00,  1.00,  1.78814E-07,  0.27588,  1.78814E-07,  0.27588,  1.78814E-07,  0.27588,  0.57987,  0.42013,  0.00,  0.00, 6, 7, 0, 0
286, 74, -0.33024,  1.6072,  0.02951,  0.21106, -0.32275, -0.92285,  0.00,  1.00,  1.00,  1.00,  1.00,  0.47803,  0.22266,  0.47803,  0.22266,  0.47803,  0.22266,  0.87837,  0.12163,  0.00,  0.00, 6, 7, 0, 0
287, 77, -0.38711,  1.6541, -0.00499,  0.38208, -0.26733, -0.88477,  0.00,  1.00,  1.00,  1.00,  1.00,  0.47803,  0.27588,  0.47803,  0.27588,  0.47803,  0.27588,  0.58129,  0.41871,  0.00,  0.00, 6, 7, 0, 0
288, 77, -0.38711,  1.6541, -0.00499,  0.38208, -0.26733, -0.88477,  0.00,  1.00,  1.00,  1.00,  1.00,  0.47803,  0.27588,  0.47803,  0.27588,  0.47803,  0.27588,  0.58129,  0.41871,  0.00,  0.00, 6, 7, 0, 0
289, 75, -0.36118,  1.55352,  0.0346,  0.32788, -0.26465, -0.90674,  0.00,  1.00,  1.00,  1.00,  1.00,  1.00,  0.22266,  1.00,  0.22266,  1.00,  0.22266,  0.88,  0.11695,  0.00304,  0.00, 6, 7, 8, 0
290, 78, -0.41282,  1.58676, -0.00258,  0.47583, -0.2179, -0.85205,  0.00,  1.00,  1.00,  1.00,  1.00,  1.00,  0.27588,  1.00,  0.27588,  1.00,  0.27588,  0.58813,  0.41187,  0.00,  0.00, 6, 7, 0, 0
291, 79, -0.4378,  1.69017, -0.04361,  0.56201, -0.18286, -0.80664,  0.00,  1.00,  1.00,  1.00,  1.00,  0.47803,  0.32275,  0.47803,  0.32275,  0.47803,  0.32275,  0.66308,  0.33692,  0.00,  0.00, 7, 6, 0, 0
292, 76, -0.35505,  1.71444, -0.01613,  0.28784, -0.30811, -0.90674,  0.00,  1.00,  1.00,  1.00,  1.00,  1.78814E-07,  0.27588,  1.78814E-07,  0.27588,  1.78814E-07,  0.27588,  0.57987,  0.42013,  0.00,  0.00, 6, 7, 0, 0
293, 77, -0.38711,  1.6541, -0.00499,  0.38208, -0.26733, -0.88477,  0.00,  1.00,  1.00,  1.00,  1.00,  0.47803,  0.27588,  0.47803,  0.27588,  0.47803,  0.27588,  0.58129,  0.41871,  0.00,  0.00, 6, 7, 0, 0
294, 78, -0.41282,  1.58676, -0.00258,  0.47583, -0.2179, -0.85205,  0.00,  1.00,  1.00,  1.00,  1.00,  1.00,  0.27588,  1.00,  0.27588,  1.00,  0.27588,  0.58813,  0.41187,  0.00,  0.00, 6, 7, 0, 0
295, 79, -0.4378,  1.69017, -0.04361,  0.56201, -0.18286, -0.80664,  0.00,  1.00,  1.00,  1.00,  1.00,  0.47803,  0.32275,  0.47803,  0.32275,  0.47803,  0.32275,  0.66308,  0.33692,  0.00,  0.00, 7, 6, 0, 0
296, 77, -0.38711,  1.6541, -0.00499,  0.38208, -0.26733, -0.88477,  0.00,  1.00,  1.00,  1.00,  1.00,  0.47803,  0.27588,  0.47803,  0.27588,  0.47803,  0.27588,  0.58129,  0.41871,  0.00,  0.00, 6, 7, 0, 0
297, 78, -0.41282,  1.58676, -0.00258,  0.47583, -0.2179, -0.85205,  0.00,  1.00,  1.00,  1.00,  1.00,  1.00,  0.27588,  1.00,  0.27588,  1.00,  0.27588,  0.58813,  0.41187,  0.00,  0.00, 6, 7, 0, 0
298, 80, -0.45549,  1.61449, -0.04383,  0.62939, -0.15356, -0.76172,  0.00,  1.00,  1.00,  1.00,  1.00,  1.00,  0.32275,  1.00,  0.32275,  1.00,  0.32275,  0.6531,  0.3469,  0.00,  0.00, 7, 6, 0, 0
299, 79, -0.4378,  1.69017, -0.04361,  0.56201, -0.18286, -0.80664,  0.00,  1.00,  1.00,  1.00,  1.00,  0.47803,  0.32275,  0.47803,  0.32275,  0.47803,  0.32275,  0.66308,  0.33692,  0.00,  0.00, 7, 6, 0, 0
300, 79, -0.4378,  1.69017, -0.04361,  0.56201, -0.18286, -0.80664,  0.00,  1.00,  1.00,  1.00,  1.00,  0.47803,  0.32275,  0.47803,  0.32275,  0.47803,  0.32275,  0.66308,  0.33692,  0.00,  0.00, 7, 6, 0, 0
301, 81, -0.41756,  1.75414, -0.04839,  0.49634, -0.20044, -0.84473,  0.00,  1.00,  1.00,  1.00,  1.00,  0.00,  0.32275,  0.00,  0.32275,  0.00,  0.32275,  0.68391,  0.31609,  0.00,  0.00, 7, 6, 0, 0
302, 76, -0.35505,  1.71444, -0.01613,  0.28784, -0.30811, -0.90674,  0.00,  1.00,  1.00,  1.00,  1.00,  1.78814E-07,  0.27588,  1.78814E-07,  0.27588,  1.78814E-07,  0.27588,  0.57987,  0.42013,  0.00,  0.00, 6, 7, 0, 0
303, 79, -0.4378,  1.69017, -0.04361,  0.56201, -0.18286, -0.80664,  0.00,  1.00,  1.00,  1.00,  1.00,  0.47803,  0.32275,  0.47803,  0.32275,  0.47803,  0.32275,  0.66308,  0.33692,  0.00,  0.00, 7, 6, 0, 0
304, 80, -0.45549,  1.61449, -0.04383,  0.62939, -0.15356, -0.76172,  0.00,  1.00,  1.00,  1.00,  1.00,  1.00,  0.32275,  1.00,  0.32275,  1.00,  0.32275,  0.6531,  0.3469,  0.00,  0.00, 7, 6, 0, 0
305, 82, -0.49042,  1.64214, -0.09072,  0.7959, -0.07001, -0.60156,  0.00,  1.00,  1.00,  1.00,  1.00,  1.00,  0.36743,  1.00,  0.36743,  1.00,  0.36743,  0.83877,  0.16123,  0.00,  0.00, 7, 6, 0, 0
306, 81, -0.41756,  1.75414, -0.04839,  0.49634, -0.20044, -0.84473,  0.00,  1.00,  1.00,  1.00,  1.00,  0.00,  0.32275,  0.00,  0.32275,  0.00,  0.32275,  0.68391,  0.31609,  0.00,  0.00, 7, 6, 0, 0
307, 79, -0.4378,  1.69017, -0.04361,  0.56201, -0.18286, -0.80664,  0.00,  1.00,  1.00,  1.00,  1.00,  0.47803,  0.32275,  0.47803,  0.32275,  0.47803,  0.32275,  0.66308,  0.33692,  0.00,  0.00, 7, 6, 0, 0
308, 83, -0.48252,  1.72014, -0.08859,  0.76611, -0.07416, -0.63818,  0.00,  1.00,  1.00,  1.00,  1.00,  0.47803,  0.36743,  0.47803,  0.36743,  0.47803,  0.36743,  0.84961,  0.15039,  0.00,  0.00, 7, 6, 0, 0
309, 79, -0.4378,  1.69017, -0.04361,  0.56201, -0.18286, -0.80664,  0.00,  1.00,  1.00,  1.00,  1.00,  0.47803,  0.32275,  0.47803,  0.32275,  0.47803,  0.32275,  0.66308,  0.33692,  0.00,  0.00, 7, 6, 0, 0
310, 82, -0.49042,  1.64214, -0.09072,  0.7959, -0.07001, -0.60156,  0.00,  1.00,  1.00,  1.00,  1.00,  1.00,  0.36743,  1.00,  0.36743,  1.00,  0.36743,  0.83877,  0.16123,  0.00,  0.00, 7, 6, 0, 0
311, 83, -0.48252,  1.72014, -0.08859,  0.76611, -0.07416, -0.63818,  0.00,  1.00,  1.00,  1.00,  1.00,  0.47803,  0.36743,  0.47803,  0.36743,  0.47803,  0.36743,  0.84961,  0.15039,  0.00,  0.00, 7, 6, 0, 0
312, 81, -0.41756,  1.75414, -0.04839,  0.49634, -0.20044, -0.84473,  0.00,  1.00,  1.00,  1.00,  1.00,  0.00,  0.32275,  0.00,  0.32275,  0.00,  0.32275,  0.68391,  0.31609,  0.00,  0.00, 7, 6, 0, 0
313, 83, -0.48252,  1.72014, -0.08859,  0.76611, -0.07416, -0.63818,  0.00,  1.00,  1.00,  1.00,  1.00,  0.47803,  0.36743,  0.47803,  0.36743,  0.47803,  0.36743,  0.84961,  0.15039,  0.00,  0.00, 7, 6, 0, 0
314, 84, -0.47162,  1.79209, -0.08666,  0.73535, -0.0752, -0.67334,  0.00,  1.00,  1.00,  1.00,  1.00,  1.78814E-07,  0.36743,  1.78814E-07,  0.36743,  1.78814E-07,  0.36743,  0.87036,  0.12964,  0.00,  0.00, 7, 6, 0, 0
315, 85, -0.52336,  1.75339, -0.1593,  0.94385,  0.05966, -0.32568,  0.00,  1.00,  1.00,  1.00,  1.00,  0.47803,  0.42383,  0.47803,  0.42383,  0.47803,  0.42383,  0.99281,  0.00719,  0.00,  0.00, 7, 6, 0, 0
316, 83, -0.48252,  1.72014, -0.08859,  0.76611, -0.07416, -0.63818,  0.00,  1.00,  1.00,  1.00,  1.00,  0.47803,  0.36743,  0.47803,  0.36743,  0.47803,  0.36743,  0.84961,  0.15039,  0.00,  0.00, 7, 6, 0, 0
317, 82, -0.49042,  1.64214, -0.09072,  0.7959, -0.07001, -0.60156,  0.00,  1.00,  1.00,  1.00,  1.00,  1.00,  0.36743,  1.00,  0.36743,  1.00,  0.36743,  0.83877,  0.16123,  0.00,  0.00, 7, 6, 0, 0
318, 84, -0.47162,  1.79209, -0.08666,  0.73535, -0.0752, -0.67334,  0.00,  1.00,  1.00,  1.00,  1.00,  1.78814E-07,  0.36743,  1.78814E-07,  0.36743,  1.78814E-07,  0.36743,  0.87036,  0.12964,  0.00,  0.00, 7, 6, 0, 0
319, 83, -0.48252,  1.72014, -0.08859,  0.76611, -0.07416, -0.63818,  0.00,  1.00,  1.00,  1.00,  1.00,  0.47803,  0.36743,  0.47803,  0.36743,  0.47803,  0.36743,  0.84961,  0.15039,  0.00,  0.00, 7, 6, 0, 0
320, 85, -0.52336,  1.75339, -0.1593,  0.94385,  0.05966, -0.32568,  0.00,  1.00,  1.00,  1.00,  1.00,  0.47803,  0.42383,  0.47803,  0.42383,  0.47803,  0.42383,  0.99281,  0.00719,  0.00,  0.00, 7, 6, 0, 0
321, 85, -0.52336,  1.75339, -0.1593,  0.94385,  0.05966, -0.32568,  0.00,  1.00,  1.00,  1.00,  1.00,  0.47803,  0.42383,  0.47803,  0.42383,  0.47803,  0.42383,  0.99281,  0.00719,  0.00,  0.00, 7, 6, 0, 0
322, 82, -0.49042,  1.64214, -0.09072,  0.7959, -0.07001, -0.60156,  0.00,  1.00,  1.00,  1.00,  1.00,  1.00,  0.36743,  1.00,  0.36743,  1.00,  0.36743,  0.83877,  0.16123,  0.00,  0.00, 7, 6, 0, 0
323, 86, -0.51755,  1.67746, -0.15966,  0.9502,  0.05148, -0.30664,  0.00,  1.00,  1.00,  1.00,  1.00,  1.00,  0.42383,  1.00,  0.42383,  1.00,  0.42383,  0.99364,  0.00636,  0.00,  0.00, 7, 6, 0, 0
324, 84, -0.47162,  1.79209, -0.08666,  0.73535, -0.0752, -0.67334,  0.00,  1.00,  1.00,  1.00,  1.00,  1.78814E-07,  0.36743,  1.78814E-07,  0.36743,  1.78814E-07,  0.36743,  0.87036,  0.12964,  0.00,  0.00, 7, 6, 0, 0
325, 85, -0.52336,  1.75339, -0.1593,  0.94385,  0.05966, -0.32568,  0.00,  1.00,  1.00,  1.00,  1.00,  0.47803,  0.42383,  0.47803,  0.42383,  0.47803,  0.42383,  0.99281,  0.00719,  0.00,  0.00, 7, 6, 0, 0
326, 87, -0.52581,  1.82613, -0.15551,  0.93408,  0.05908, -0.35205,  0.00,  1.00,  1.00,  1.00,  1.00,  0.00,  0.42383,  0.00,  0.42383,  0.00,  0.42383,  0.99117,  0.00883,  0.00,  0.00, 7, 6, 0, 0
327, 88, -0.53923,  1.78604, -0.24531,  0.98096,  0.19287,  0.02063,  0.00,  1.00,  1.00,  1.00,  1.00,  0.47803,  0.48389,  0.47803,  0.48389,  0.47803,  0.48389,  1.00,  0.00,  0.00,  0.00, 7, 0, 0, 0
328, 85, -0.52336,  1.75339, -0.1593,  0.94385,  0.05966, -0.32568,  0.00,  1.00,  1.00,  1.00,  1.00,  0.47803,  0.42383,  0.47803,  0.42383,  0.47803,  0.42383,  0.99281,  0.00719,  0.00,  0.00, 7, 6, 0, 0
329, 86, -0.51755,  1.67746, -0.15966,  0.9502,  0.05148, -0.30664,  0.00,  1.00,  1.00,  1.00,  1.00,  1.00,  0.42383,  1.00,  0.42383,  1.00,  0.42383,  0.99364,  0.00636,  0.00,  0.00, 7, 6, 0, 0
330, 87, -0.52581,  1.82613, -0.15551,  0.93408,  0.05908, -0.35205,  0.00,  1.00,  1.00,  1.00,  1.00,  0.00,  0.42383,  0.00,  0.42383,  0.00,  0.42383,  0.99117,  0.00883,  0.00,  0.00, 7, 6, 0, 0
331, 85, -0.52336,  1.75339, -0.1593,  0.94385,  0.05966, -0.32568,  0.00,  1.00,  1.00,  1.00,  1.00,  0.47803,  0.42383,  0.47803,  0.42383,  0.47803,  0.42383,  0.99281,  0.00719,  0.00,  0.00, 7, 6, 0, 0
332, 88, -0.53923,  1.78604, -0.24531,  0.98096,  0.19287,  0.02063,  0.00,  1.00,  1.00,  1.00,  1.00,  0.47803,  0.48389,  0.47803,  0.48389,  0.47803,  0.48389,  1.00,  0.00,  0.00,  0.00, 7, 0, 0, 0
333, 88, -0.53923,  1.78604, -0.24531,  0.98096,  0.19287,  0.02063,  0.00,  1.00,  1.00,  1.00,  1.00,  0.47803,  0.48389,  0.47803,  0.48389,  0.47803,  0.48389,  1.00,  0.00,  0.00,  0.00, 7, 0, 0, 0
334, 86, -0.51755,  1.67746, -0.15966,  0.9502,  0.05148, -0.30664,  0.00,  1.00,  1.00,  1.00,  1.00,  1.00,  0.42383,  1.00,  0.42383,  1.00,  0.42383,  0.99364,  0.00636,  0.00,  0.00, 7, 6, 0, 0
335, 89, -0.52236,  1.70745, -0.24123,  0.98047,  0.19189,  0.03873,  0.00,  1.00,  1.00,  1.00,  1.00,  1.00,  0.48389,  1.00,  0.48389,  1.00,  0.48389,  1.00,  0.00,  0.00,  0.00, 7, 0, 0, 0
336, 87, -0.52581,  1.82613, -0.15551,  0.93408,  0.05908, -0.35205,  0.00,  1.00,  1.00,  1.00,  1.00,  0.00,  0.42383,  0.00,  0.42383,  0.00,  0.42383,  0.99117,  0.00883,  0.00,  0.00, 7, 6, 0, 0
337, 88, -0.53923,  1.78604, -0.24531,  0.98096,  0.19287,  0.02063,  0.00,  1.00,  1.00,  1.00,  1.00,  0.47803,  0.48389,  0.47803,  0.48389,  0.47803,  0.48389,  1.00,  0.00,  0.00,  0.00, 7, 0, 0, 0
338, 90, -0.55253,  1.8583, -0.24443,  0.98291,  0.18457, -0.00231,  0.00,  1.00,  1.00,  1.00,  1.00,  1.19209E-07,  0.48389,  1.19209E-07,  0.48389,  1.19209E-07,  0.48389,  1.00,  0.00,  0.00,  0.00, 7, 0, 0, 0
339, 91, -0.53185,  1.82092, -0.33901,  0.90137,  0.30005,  0.31177,  0.00,  1.00,  1.00,  1.00,  1.00,  0.47803,  0.54688,  0.47803,  0.54688,  0.47803,  0.54688,  1.00,  0.00,  0.00,  0.00, 7, 0, 0, 0
340, 88, -0.53923,  1.78604, -0.24531,  0.98096,  0.19287,  0.02063,  0.00,  1.00,  1.00,  1.00,  1.00,  0.47803,  0.48389,  0.47803,  0.48389,  0.47803,  0.48389,  1.00,  0.00,  0.00,  0.00, 7, 0, 0, 0
341, 89, -0.52236,  1.70745, -0.24123,  0.98047,  0.19189,  0.03873,  0.00,  1.00,  1.00,  1.00,  1.00,  1.00,  0.48389,  1.00,  0.48389,  1.00,  0.48389,  1.00,  0.00,  0.00,  0.00, 7, 0, 0, 0
342, 90, -0.55253,  1.8583, -0.24443,  0.98291,  0.18457, -0.00231,  0.00,  1.00,  1.00,  1.00,  1.00,  1.19209E-07,  0.48389,  1.19209E-07,  0.48389,  1.19209E-07,  0.48389,  1.00,  0.00,  0.00,  0.00, 7, 0, 0, 0
343, 88, -0.53923,  1.78604, -0.24531,  0.98096,  0.19287,  0.02063,  0.00,  1.00,  1.00,  1.00,  1.00,  0.47803,  0.48389,  0.47803,  0.48389,  0.47803,  0.48389,  1.00,  0.00,  0.00,  0.00, 7, 0, 0, 0
344, 91, -0.53185,  1.82092, -0.33901,  0.90137,  0.30005,  0.31177,  0.00,  1.00,  1.00,  1.00,  1.00,  0.47803,  0.54688,  0.47803,  0.54688,  0.47803,  0.54688,  1.00,  0.00,  0.00,  0.00, 7, 0, 0, 0
345, 90, -0.55253,  1.8583, -0.24443,  0.98291,  0.18457, -0.00231,  0.00,  1.00,  1.00,  1.00,  1.00,  1.19209E-07,  0.48389,  1.19209E-07,  0.48389,  1.19209E-07,  0.48389,  1.00,  0.00,  0.00,  0.00, 7, 0, 0, 0
346, 91, -0.53185,  1.82092, -0.33901,  0.90137,  0.30005,  0.31177,  0.00,  1.00,  1.00,  1.00,  1.00,  0.47803,  0.54688,  0.47803,  0.54688,  0.47803,  0.54688,  1.00,  0.00,  0.00,  0.00, 7, 0, 0, 0
347, 92, -0.5516,  1.89152, -0.34366,  0.9126,  0.27808,  0.29956,  0.00,  1.00,  1.00,  1.00,  1.00,  1.19209E-07,  0.54688,  1.19209E-07,  0.54688,  1.19209E-07,  0.54688,  1.00,  0.00,  0.00,  0.00, 7, 0, 0, 0
348, 91, -0.53185,  1.82092, -0.33901,  0.90137,  0.30005,  0.31177,  0.00,  1.00,  1.00,  1.00,  1.00,  0.47803,  0.54688,  0.47803,  0.54688,  0.47803,  0.54688,  1.00,  0.00,  0.00,  0.00, 7, 0, 0, 0
349, 89, -0.52236,  1.70745, -0.24123,  0.98047,  0.19189,  0.03873,  0.00,  1.00,  1.00,  1.00,  1.00,  1.00,  0.48389,  1.00,  0.48389,  1.00,  0.48389,  1.00,  0.00,  0.00,  0.00, 7, 0, 0, 0
350, 93, -0.50853,  1.74512, -0.32532,  0.89844,  0.30811,  0.31299,  0.00,  1.00,  1.00,  1.00,  1.00,  1.00,  0.54688,  1.00,  0.54688,  1.00,  0.54688,  1.00,  0.00,  0.00,  0.00, 7, 0, 0, 0
351, 91, -0.53185,  1.82092, -0.33901,  0.90137,  0.30005,  0.31177,  0.00,  1.00,  1.00,  1.00,  1.00,  0.47803,  0.54688,  0.47803,  0.54688,  0.47803,  0.54688,  1.00,  0.00,  0.00,  0.00, 7, 0, 0, 0
352, 94, -0.52134,  1.92914, -0.44248,  0.78516,  0.33105,  0.52295,  0.00,  1.00,  1.00,  1.00,  1.00,  1.19209E-07,  0.61572,  1.19209E-07,  0.61572,  1.19209E-07,  0.61572,  0.68367,  0.31633,  0.00,  0.00, 7, 5, 0, 0
353, 92, -0.5516,  1.89152, -0.34366,  0.9126,  0.27808,  0.29956,  0.00,  1.00,  1.00,  1.00,  1.00,  1.19209E-07,  0.54688,  1.19209E-07,  0.54688,  1.19209E-07,  0.54688,  1.00,  0.00,  0.00,  0.00, 7, 0, 0, 0
354, 93, -0.50853,  1.74512, -0.32532,  0.89844,  0.30811,  0.31299,  0.00,  1.00,  1.00,  1.00,  1.00,  1.00,  0.54688,  1.00,  0.54688,  1.00,  0.54688,  1.00,  0.00,  0.00,  0.00, 7, 0, 0, 0
355, 95, -0.49857,  1.86049, -0.43256,  0.77197,  0.3606,  0.52393,  0.00,  1.00,  1.00,  1.00,  1.00,  0.47803,  0.61572,  0.47803,  0.61572,  0.47803,  0.61572,  0.76814,  0.23186,  0.00,  0.00, 7, 5, 0, 0
356, 91, -0.53185,  1.82092, -0.33901,  0.90137,  0.30005,  0.31177,  0.00,  1.00,  1.00,  1.00,  1.00,  0.47803,  0.54688,  0.47803,  0.54688,  0.47803,  0.54688,  1.00,  0.00,  0.00,  0.00, 7, 0, 0, 0
357, 91, -0.53185,  1.82092, -0.33901,  0.90137,  0.30005,  0.31177,  0.00,  1.00,  1.00,  1.00,  1.00,  0.47803,  0.54688,  0.47803,  0.54688,  0.47803,  0.54688,  1.00,  0.00,  0.00,  0.00, 7, 0, 0, 0
358, 95, -0.49857,  1.86049, -0.43256,  0.77197,  0.3606,  0.52393,  0.00,  1.00,  1.00,  1.00,  1.00,  0.47803,  0.61572,  0.47803,  0.61572,  0.47803,  0.61572,  0.76814,  0.23186,  0.00,  0.00, 7, 5, 0, 0
359, 94, -0.52134,  1.92914, -0.44248,  0.78516,  0.33105,  0.52295,  0.00,  1.00,  1.00,  1.00,  1.00,  1.19209E-07,  0.61572,  1.19209E-07,  0.61572,  1.19209E-07,  0.61572,  0.68367,  0.31633,  0.00,  0.00, 7, 5, 0, 0
360, 93, -0.50853,  1.74512, -0.32532,  0.89844,  0.30811,  0.31299,  0.00,  1.00,  1.00,  1.00,  1.00,  1.00,  0.54688,  1.00,  0.54688,  1.00,  0.54688,  1.00,  0.00,  0.00,  0.00, 7, 0, 0, 0
361, 96, -0.47299,  1.78776, -0.41262,  0.7583,  0.38696,  0.5249,  0.00,  1.00,  1.00,  1.00,  1.00,  1.00,  0.61572,  1.00,  0.61572,  1.00,  0.61572,  0.63833,  0.36167,  0.00,  0.00, 7, 5, 0, 0
362, 95, -0.49857,  1.86049, -0.43256,  0.77197,  0.3606,  0.52393,  0.00,  1.00,  1.00,  1.00,  1.00,  0.47803,  0.61572,  0.47803,  0.61572,  0.47803,  0.61572,  0.76814,  0.23186,  0.00,  0.00, 7, 5, 0, 0
363, 94, -0.52134,  1.92914, -0.44248,  0.78516,  0.33105,  0.52295,  0.00,  1.00,  1.00,  1.00,  1.00,  1.19209E-07,  0.61572,  1.19209E-07,  0.61572,  1.19209E-07,  0.61572,  0.68367,  0.31633,  0.00,  0.00, 7, 5, 0, 0
364, 95, -0.49857,  1.86049, -0.43256,  0.77197,  0.3606,  0.52393,  0.00,  1.00,  1.00,  1.00,  1.00,  0.47803,  0.61572,  0.47803,  0.61572,  0.47803,  0.61572,  0.76814,  0.23186,  0.00,  0.00, 7, 5, 0, 0
365, 97, -0.4438,  1.90094, -0.52127,  0.64697,  0.38281,  0.65967,  0.00,  1.00,  1.00,  1.00,  1.00,  0.47803,  0.68799,  0.47803,  0.68799,  0.47803,  0.68799,  0.93991,  0.06009,  0.00,  0.00, 5, 7, 0, 0
366, 97, -0.4438,  1.90094, -0.52127,  0.64697,  0.38281,  0.65967,  0.00,  1.00,  1.00,  1.00,  1.00,  0.47803,  0.68799,  0.47803,  0.68799,  0.47803,  0.68799,  0.93991,  0.06009,  0.00,  0.00, 5, 7, 0, 0
367, 95, -0.49857,  1.86049, -0.43256,  0.77197,  0.3606,  0.52393,  0.00,  1.00,  1.00,  1.00,  1.00,  0.47803,  0.61572,  0.47803,  0.61572,  0.47803,  0.61572,  0.76814,  0.23186,  0.00,  0.00, 7, 5, 0, 0
368, 96, -0.47299,  1.78776, -0.41262,  0.7583,  0.38696,  0.5249,  0.00,  1.00,  1.00,  1.00,  1.00,  1.00,  0.61572,  1.00,  0.61572,  1.00,  0.61572,  0.63833,  0.36167,  0.00,  0.00, 7, 5, 0, 0
369, 94, -0.52134,  1.92914, -0.44248,  0.78516,  0.33105,  0.52295,  0.00,  1.00,  1.00,  1.00,  1.00,  1.19209E-07,  0.61572,  1.19209E-07,  0.61572,  1.19209E-07,  0.61572,  0.68367,  0.31633,  0.00,  0.00, 7, 5, 0, 0
370, 97, -0.4438,  1.90094, -0.52127,  0.64697,  0.38281,  0.65967,  0.00,  1.00,  1.00,  1.00,  1.00,  0.47803,  0.68799,  0.47803,  0.68799,  0.47803,  0.68799,  0.93991,  0.06009,  0.00,  0.00, 5, 7, 0, 0
371, 98, -0.4659,  1.96805, -0.53506,  0.65771,  0.35474,  0.66455,  0.00,  1.00,  1.00,  1.00,  1.00,  1.19209E-07,  0.68799,  1.19209E-07,  0.68799,  1.19209E-07,  0.68799,  0.90716,  0.09284,  0.00,  0.00, 5, 7, 0, 0
372, 97, -0.4438,  1.90094, -0.52127,  0.64697,  0.38281,  0.65967,  0.00,  1.00,  1.00,  1.00,  1.00,  0.47803,  0.68799,  0.47803,  0.68799,  0.47803,  0.68799,  0.93991,  0.06009,  0.00,  0.00, 5, 7, 0, 0
373, 96, -0.47299,  1.78776, -0.41262,  0.7583,  0.38696,  0.5249,  0.00,  1.00,  1.00,  1.00,  1.00,  1.00,  0.61572,  1.00,  0.61572,  1.00,  0.61572,  0.63833,  0.36167,  0.00,  0.00, 7, 5, 0, 0
374, 99, -0.42004,  1.82933, -0.49848,  0.63574,  0.41406,  0.65137,  0.00,  1.00,  1.00,  1.00,  1.00,  1.00,  0.68799,  1.00,  0.68799,  1.00,  0.68799,  0.96991,  0.03009,  0.00,  0.00, 5, 7, 0, 0
375, 97, -0.4438,  1.90094, -0.52127,  0.64697,  0.38281,  0.65967,  0.00,  1.00,  1.00,  1.00,  1.00,  0.47803,  0.68799,  0.47803,  0.68799,  0.47803,  0.68799,  0.93991,  0.06009,  0.00,  0.00, 5, 7, 0, 0
376, 100, -0.39205,  2.00225, -0.61677,  0.54199,  0.37524,  0.75195,  0.00,  1.00,  1.00,  1.00,  1.00,  1.19209E-07,  0.75879,  1.19209E-07,  0.75879,  1.19209E-07,  0.75879,  0.92671,  0.07329,  0.00,  0.00, 5, 4, 0, 0
377, 98, -0.4659,  1.96805, -0.53506,  0.65771,  0.35474,  0.66455,  0.00,  1.00,  1.00,  1.00,  1.00,  1.19209E-07,  0.68799,  1.19209E-07,  0.68799,  1.19209E-07,  0.68799,  0.90716,  0.09284,  0.00,  0.00, 5, 7, 0, 0
378, 99, -0.42004,  1.82933, -0.49848,  0.63574,  0.41406,  0.65137,  0.00,  1.00,  1.00,  1.00,  1.00,  1.00,  0.68799,  1.00,  0.68799,  1.00,  0.68799,  0.96991,  0.03009,  0.00,  0.00, 5, 7, 0, 0
379, 101, -0.37252,  1.93599, -0.59839,  0.53125,  0.39526,  0.74951,  0.00,  1.00,  1.00,  1.00,  1.00,  0.47803,  0.75879,  0.47803,  0.75879,  0.47803,  0.75879,  0.91769,  0.08231,  0.00,  0.00, 5, 4, 0, 0
380, 97, -0.4438,  1.90094, -0.52127,  0.64697,  0.38281,  0.65967,  0.00,  1.00,  1.00,  1.00,  1.00,  0.47803,  0.68799,  0.47803,  0.68799,  0.47803,  0.68799,  0.93991,  0.06009,  0.00,  0.00, 5, 7, 0, 0
381, 97, -0.4438,  1.90094, -0.52127,  0.64697,  0.38281,  0.65967,  0.00,  1.00,  1.00,  1.00,  1.00,  0.47803,  0.68799,  0.47803,  0.68799,  0.47803,  0.68799,  0.93991,  0.06009,  0.00,  0.00, 5, 7, 0, 0
382, 101, -0.37252,  1.93599, -0.59839,  0.53125,  0.39526,  0.74951,  0.00,  1.00,  1.00,  1.00,  1.00,  0.47803,  0.75879,  0.47803,  0.75879,  0.47803,  0.75879,  0.91769,  0.08231,  0.00,  0.00, 5, 4, 0, 0
383, 100, -0.39205,  2.00225, -0.61677,  0.54199,  0.37524,  0.75195,  0.00,  1.00,  1.00,  1.00,  1.00,  1.19209E-07,  0.75879,  1.19209E-07,  0.75879,  1.19209E-07,  0.75879,  0.92671,  0.07329,  0.00,  0.00, 5, 4, 0, 0
384, 99, -0.42004,  1.82933, -0.49848,  0.63574,  0.41406,  0.65137,  0.00,  1.00,  1.00,  1.00,  1.00,  1.00,  0.68799,  1.00,  0.68799,  1.00,  0.68799,  0.96991,  0.03009,  0.00,  0.00, 5, 7, 0, 0
385, 102, -0.35196,  1.86445, -0.57305,  0.521,  0.41895,  0.74365,  0.00,  1.00,  1.00,  1.00,  1.00,  1.00,  0.75879,  1.00,  0.75879,  1.00,  0.75879,  0.94397,  0.05603,  0.00,  0.00, 5, 4, 0, 0
386, 101, -0.37252,  1.93599, -0.59839,  0.53125,  0.39526,  0.74951,  0.00,  1.00,  1.00,  1.00,  1.00,  0.47803,  0.75879,  0.47803,  0.75879,  0.47803,  0.75879,  0.91769,  0.08231,  0.00,  0.00, 5, 4, 0, 0
387, 100, -0.39205,  2.00225, -0.61677,  0.54199,  0.37524,  0.75195,  0.00,  1.00,  1.00,  1.00,  1.00,  1.19209E-07,  0.75879,  1.19209E-07,  0.75879,  1.19209E-07,  0.75879,  0.92671,  0.07329,  0.00,  0.00, 5, 4, 0, 0
388, 101, -0.37252,  1.93599, -0.59839,  0.53125,  0.39526,  0.74951,  0.00,  1.00,  1.00,  1.00,  1.00,  0.47803,  0.75879,  0.47803,  0.75879,  0.47803,  0.75879,  0.91769,  0.08231,  0.00,  0.00, 5, 4, 0, 0
389, 103, -0.28914,  1.96139, -0.66162,  0.39014,  0.4209,  0.81885,  0.00,  1.00,  1.00,  1.00,  1.00,  0.47803,  0.82422,  0.47803,  0.82422,  0.47803,  0.82422,  0.69615,  0.30385,  0.00,  0.00, 5, 4, 0, 0
390, 103, -0.28914,  1.96139, -0.66162,  0.39014,  0.4209,  0.81885,  0.00,  1.00,  1.00,  1.00,  1.00,  0.47803,  0.82422,  0.47803,  0.82422,  0.47803,  0.82422,  0.69615,  0.30385,  0.00,  0.00, 5, 4, 0, 0
391, 101, -0.37252,  1.93599, -0.59839,  0.53125,  0.39526,  0.74951,  0.00,  1.00,  1.00,  1.00,  1.00,  0.47803,  0.75879,  0.47803,  0.75879,  0.47803,  0.75879,  0.91769,  0.08231,  0.00,  0.00, 5, 4, 0, 0
392, 102, -0.35196,  1.86445, -0.57305,  0.521,  0.41895,  0.74365,  0.00,  1.00,  1.00,  1.00,  1.00,  1.00,  0.75879,  1.00,  0.75879,  1.00,  0.75879,  0.94397,  0.05603,  0.00,  0.00, 5, 4, 0, 0
393, 100, -0.39205,  2.00225, -0.61677,  0.54199,  0.37524,  0.75195,  0.00,  1.00,  1.00,  1.00,  1.00,  1.19209E-07,  0.75879,  1.19209E-07,  0.75879,  1.19209E-07,  0.75879,  0.92671,  0.07329,  0.00,  0.00, 5, 4, 0, 0
394, 103, -0.28914,  1.96139, -0.66162,  0.39014,  0.4209,  0.81885,  0.00,  1.00,  1.00,  1.00,  1.00,  0.47803,  0.82422,  0.47803,  0.82422,  0.47803,  0.82422,  0.69615,  0.30385,  0.00,  0.00, 5, 4, 0, 0
395, 104, -0.3044,  2.02747, -0.68659,  0.40063,  0.40576,  0.82129,  0.00,  1.00,  1.00,  1.00,  1.00,  1.19209E-07,  0.82422,  1.19209E-07,  0.82422,  1.19209E-07,  0.82422,  0.68975,  0.31025,  0.00,  0.00, 5, 4, 0, 0
396, 103, -0.28914,  1.96139, -0.66162,  0.39014,  0.4209,  0.81885,  0.00,  1.00,  1.00,  1.00,  1.00,  0.47803,  0.82422,  0.47803,  0.82422,  0.47803,  0.82422,  0.69615,  0.30385,  0.00,  0.00, 5, 4, 0, 0
397, 102, -0.35196,  1.86445, -0.57305,  0.521,  0.41895,  0.74365,  0.00,  1.00,  1.00,  1.00,  1.00,  1.00,  0.75879,  1.00,  0.75879,  1.00,  0.75879,  0.94397,  0.05603,  0.00,  0.00, 5, 4, 0, 0
398, 105, -0.27319,  1.88971, -0.63092,  0.37939,  0.43774,  0.81494,  0.00,  1.00,  1.00,  1.00,  1.00,  1.00,  0.82422,  1.00,  0.82422,  1.00,  0.82422,  0.72967,  0.27033,  0.00,  0.00, 5, 4, 0, 0
399, 104, -0.3044,  2.02747, -0.68659,  0.40063,  0.40576,  0.82129,  0.00,  1.00,  1.00,  1.00,  1.00,  1.19209E-07,  0.82422,  1.19209E-07,  0.82422,  1.19209E-07,  0.82422,  0.68975,  0.31025,  0.00,  0.00, 5, 4, 0, 0
400, 103, -0.28914,  1.96139, -0.66162,  0.39014,  0.4209,  0.81885,  0.00,  1.00,  1.00,  1.00,  1.00,  0.47803,  0.82422,  0.47803,  0.82422,  0.47803,  0.82422,  0.69615,  0.30385,  0.00,  0.00, 5, 4, 0, 0
401, 106, -0.19443,  1.97685, -0.70362,  0.2113,  0.45728,  0.86377,  0.00,  1.00,  1.00,  1.00,  1.00,  0.47803,  0.88623,  0.47803,  0.88623,  0.47803,  0.88623,  0.57838,  0.42162,  0.00,  0.00, 4, 5, 0, 0
402, 106, -0.19443,  1.97685, -0.70362,  0.2113,  0.45728,  0.86377,  0.00,  1.00,  1.00,  1.00,  1.00,  0.47803,  0.88623,  0.47803,  0.88623,  0.47803,  0.88623,  0.57838,  0.42162,  0.00,  0.00, 4, 5, 0, 0
403, 103, -0.28914,  1.96139, -0.66162,  0.39014,  0.4209,  0.81885,  0.00,  1.00,  1.00,  1.00,  1.00,  0.47803,  0.82422,  0.47803,  0.82422,  0.47803,  0.82422,  0.69615,  0.30385,  0.00,  0.00, 5, 4, 0, 0
404, 105, -0.27319,  1.88971, -0.63092,  0.37939,  0.43774,  0.81494,  0.00,  1.00,  1.00,  1.00,  1.00,  1.00,  0.82422,  1.00,  0.82422,  1.00,  0.82422,  0.72967,  0.27033,  0.00,  0.00, 5, 4, 0, 0
405, 104, -0.3044,  2.02747, -0.68659,  0.40063,  0.40576,  0.82129,  0.00,  1.00,  1.00,  1.00,  1.00,  1.19209E-07,  0.82422,  1.19209E-07,  0.82422,  1.19209E-07,  0.82422,  0.68975,  0.31025,  0.00,  0.00, 5, 4, 0, 0
406, 106, -0.19443,  1.97685, -0.70362,  0.2113,  0.45728,  0.86377,  0.00,  1.00,  1.00,  1.00,  1.00,  0.47803,  0.88623,  0.47803,  0.88623,  0.47803,  0.88623,  0.57838,  0.42162,  0.00,  0.00, 4, 5, 0, 0
407, 107, -0.20435,  2.04316, -0.73448,  0.22705,  0.44092,  0.86816,  0.00,  1.00,  1.00,  1.00,  1.00,  1.19209E-07,  0.88623,  1.19209E-07,  0.88623,  1.19209E-07,  0.88623,  0.60166,  0.39834,  0.00,  0.00, 4, 5, 0, 0
408, 106, -0.19443,  1.97685, -0.70362,  0.2113,  0.45728,  0.86377,  0.00,  1.00,  1.00,  1.00,  1.00,  0.47803,  0.88623,  0.47803,  0.88623,  0.47803,  0.88623,  0.57838,  0.42162,  0.00,  0.00, 4, 5, 0, 0
409, 105, -0.27319,  1.88971, -0.63092,  0.37939,  0.43774,  0.81494,  0.00,  1.00,  1.00,  1.00,  1.00,  1.00,  0.82422,  1.00,  0.82422,  1.00,  0.82422,  0.72967,  0.27033,  0.00,  0.00, 5, 4, 0, 0
410, 108, -0.18402,  1.90602, -0.66688,  0.19299,  0.47485,  0.85889,  0.00,  1.00,  1.00,  1.00,  1.00,  1.00,  0.88623,  1.00,  0.88623,  1.00,  0.88623,  0.55346,  0.44654,  0.00,  0.00, 4, 5, 0, 0
411, 107, -0.20435,  2.04316, -0.73448,  0.22705,  0.44092,  0.86816,  0.00,  1.00,  1.00,  1.00,  1.00,  1.19209E-07,  0.88623,  1.19209E-07,  0.88623,  1.19209E-07,  0.88623,  0.60166,  0.39834,  0.00,  0.00, 4, 5, 0, 0
412, 106, -0.19443,  1.97685, -0.70362,  0.2113,  0.45728,  0.86377,  0.00,  1.00,  1.00,  1.00,  1.00,  0.47803,  0.88623,  0.47803,  0.88623,  0.47803,  0.88623,  0.57838,  0.42162,  0.00,  0.00, 4, 5, 0, 0
413, 109, -0.09772,  1.98264, -0.72004,  0.02933,  0.49048,  0.87109,  0.00,  1.00,  1.00,  1.00,  1.00,  0.47803,  0.94336,  0.47803,  0.94336,  0.47803,  0.94336,  0.84799,  0.15201,  0.00,  0.00, 4, 5, 0, 0
414, 109, -0.09772,  1.98264, -0.72004,  0.02933,  0.49048,  0.87109,  0.00,  1.00,  1.00,  1.00,  1.00,  0.47803,  0.94336,  0.47803,  0.94336,  0.47803,  0.94336,  0.84799,  0.15201,  0.00,  0.00, 4, 5, 0, 0
415, 106, -0.19443,  1.97685, -0.70362,  0.2113,  0.45728,  0.86377,  0.00,  1.00,  1.00,  1.00,  1.00,  0.47803,  0.88623,  0.47803,  0.88623,  0.47803,  0.88623,  0.57838,  0.42162,  0.00,  0.00, 4, 5, 0, 0
416, 108, -0.18402,  1.90602, -0.66688,  0.19299,  0.47485,  0.85889,  0.00,  1.00,  1.00,  1.00,  1.00,  1.00,  0.88623,  1.00,  0.88623,  1.00,  0.88623,  0.55346,  0.44654,  0.00,  0.00, 4, 5, 0, 0
417, 107, -0.20435,  2.04316, -0.73448,  0.22705,  0.44092,  0.86816,  0.00,  1.00,  1.00,  1.00,  1.00,  1.19209E-07,  0.88623,  1.19209E-07,  0.88623,  1.19209E-07,  0.88623,  0.60166,  0.39834,  0.00,  0.00, 4, 5, 0, 0
418, 109, -0.09772,  1.98264, -0.72004,  0.02933,  0.49048,  0.87109,  0.00,  1.00,  1.00,  1.00,  1.00,  0.47803,  0.94336,  0.47803,  0.94336,  0.47803,  0.94336,  0.84799,  0.15201,  0.00,  0.00, 4, 5, 0, 0
419, 110, -0.1021,  2.04947, -0.75599,  0.04379,  0.47046,  0.88135,  0.00,  1.00,  1.00,  1.00,  1.00,  1.19209E-07,  0.94336,  1.19209E-07,  0.94336,  1.19209E-07,  0.94336,  0.86757,  0.13243,  0.00,  0.00, 4, 5, 0, 0
420, 111, -2.83260E-08,  2.05233, -0.7527,  0.00,  0.48071,  0.87695,  0.00,  1.00,  1.00,  1.00,  1.00,  1.19209E-07,  0.99951,  1.19209E-07,  0.99951,  1.19209E-07,  0.99951,  0.95946,  0.0304,  0.01015,  0.00, 4, 3, 5, 0
421, 110, -0.1021,  2.04947, -0.75599,  0.04379,  0.47046,  0.88135,  0.00,  1.00,  1.00,  1.00,  1.00,  1.19209E-07,  0.94336,  1.19209E-07,  0.94336,  1.19209E-07,  0.94336,  0.86757,  0.13243,  0.00,  0.00, 4, 5, 0, 0
422, 109, -0.09772,  1.98264, -0.72004,  0.02933,  0.49048,  0.87109,  0.00,  1.00,  1.00,  1.00,  1.00,  0.47803,  0.94336,  0.47803,  0.94336,  0.47803,  0.94336,  0.84799,  0.15201,  0.00,  0.00, 4, 5, 0, 0
423, 111, -2.83260E-08,  2.05233, -0.7527,  0.00,  0.48071,  0.87695,  0.00,  1.00,  1.00,  1.00,  1.00,  1.19209E-07,  0.99951,  1.19209E-07,  0.99951,  1.19209E-07,  0.99951,  0.95946,  0.0304,  0.01015,  0.00, 4, 3, 5, 0
424, 109, -0.09772,  1.98264, -0.72004,  0.02933,  0.49048,  0.87109,  0.00,  1.00,  1.00,  1.00,  1.00,  0.47803,  0.94336,  0.47803,  0.94336,  0.47803,  0.94336,  0.84799,  0.15201,  0.00,  0.00, 4, 5, 0, 0
425, 112, -3.40386E-08,  1.98504, -0.71487,  0.00,  0.50391,  0.86377,  0.00,  1.00,  1.00,  1.00,  1.00,  0.47803,  1.00,  0.47803,  1.00,  0.47803,  1.00,  0.95259,  0.03787,  0.00954,  0.00, 4, 3, 5, 0
426, 109, -0.09772,  1.98264, -0.72004,  0.02933,  0.49048,  0.87109,  0.00,  1.00,  1.00,  1.00,  1.00,  0.47803,  0.94336,  0.47803,  0.94336,  0.47803,  0.94336,  0.84799,  0.15201,  0.00,  0.00, 4, 5, 0, 0
427, 108, -0.18402,  1.90602, -0.66688,  0.19299,  0.47485,  0.85889,  0.00,  1.00,  1.00,  1.00,  1.00,  1.00,  0.88623,  1.00,  0.88623,  1.00,  0.88623,  0.55346,  0.44654,  0.00,  0.00, 4, 5, 0, 0
428, 113, -0.09339,  1.91345, -0.67805,  0.01251,  0.51172,  0.85889,  0.00,  1.00,  1.00,  1.00,  1.00,  1.00,  0.94336,  1.00,  0.94336,  1.00,  0.94336,  0.82116,  0.17884,  0.00,  0.00, 4, 5, 0, 0
429, 112, -3.40386E-08,  1.98504, -0.71487,  0.00,  0.50391,  0.86377,  0.00,  1.00,  1.00,  1.00,  1.00,  0.47803,  1.00,  0.47803,  1.00,  0.47803,  1.00,  0.95259,  0.03787,  0.00954,  0.00, 4, 3, 5, 0
430, 109, -0.09772,  1.98264, -0.72004,  0.02933,  0.49048,  0.87109,  0.00,  1.00,  1.00,  1.00,  1.00,  0.47803,  0.94336,  0.47803,  0.94336,  0.47803,  0.94336,  0.84799,  0.15201,  0.00,  0.00, 4, 5, 0, 0
431, 113, -0.09339,  1.91345, -0.67805,  0.01251,  0.51172,  0.85889,  0.00,  1.00,  1.00,  1.00,  1.00,  1.00,  0.94336,  1.00,  0.94336,  1.00,  0.94336,  0.82116,  0.17884,  0.00,  0.00, 4, 5, 0, 0
432, 113, -0.09339,  1.91345, -0.67805,  0.01251,  0.51172,  0.85889,  0.00,  1.00,  1.00,  1.00,  1.00,  1.00,  0.94336,  1.00,  0.94336,  1.00,  0.94336,  0.82116,  0.17884,  0.00,  0.00, 4, 5, 0, 0
433, 114, -3.69746E-08,  1.95447, -0.69542,  0.00,  0.52637,  0.85059,  0.00,  1.00,  1.00,  1.00,  1.00,  0.70996,  1.00,  0.70996,  1.00,  0.70996,  1.00,  0.95079,  0.04027,  0.00894,  0.00, 4, 3, 5, 0
434, 112, -3.40386E-08,  1.98504, -0.71487,  0.00,  0.50391,  0.86377,  0.00,  1.00,  1.00,  1.00,  1.00,  0.47803,  1.00,  0.47803,  1.00,  0.47803,  1.00,  0.95259,  0.03787,  0.00954,  0.00, 4, 3, 5, 0
435, 113, -0.09339,  1.91345, -0.67805,  0.01251,  0.51172,  0.85889,  0.00,  1.00,  1.00,  1.00,  1.00,  1.00,  0.94336,  1.00,  0.94336,  1.00,  0.94336,  0.82116,  0.17884,  0.00,  0.00, 4, 5, 0, 0
436, 115, -4.06402E-08,  1.91628, -0.67115,  0.00,  0.52637,  0.85059,  0.00,  1.00,  1.00,  1.00,  1.00,  1.00,  1.00,  1.00,  1.00,  1.00,  1.00,  0.94919,  0.04182,  0.009,  0.00, 4, 3, 5, 0
437, 114, -3.69746E-08,  1.95447, -0.69542,  0.00,  0.52637,  0.85059,  0.00,  1.00,  1.00,  1.00,  1.00,  0.70996,  1.00,  0.70996,  1.00,  0.70996,  1.00,  0.95079,  0.04027,  0.00894,  0.00, 4, 3, 5, 0
